src_ip,dst_ip,protocol,duration,packet_count,byte_count,avg_packet_size,packets_per_second,bytes_per_second,is_attack,tcp_packet_count,udp_packet_count,http_packet_count,dns_query_count,unique_dns_queries,syn_flag_ratio,packet_size_std,packet_size_entropy,inter_arrival_time_mean,inter_arrival_time_std,ttl_mean,ttl_std,tcp_flag_P,tcp_flag_A,tcp_flag_R,tcp_flag_S,tcp_flag_F
192.168.50.6,172.217.10.98,6,36.43547320365906,12,880,73.33333333333333,0.32934936601275955,24.1522868409357,0,12,0,0,0,0,0.0,18.856180831641268,2.4533838799019736,0.0005707524039528587,0.0015457541729000752,128.0,0.0,4.0,12.0,4.0,0.0,
192.168.50.6,172.217.7.2,6,36.435471057891846,12,880,73.33333333333333,0.32934938540888786,24.152288263318443,0,12,0,0,0,0,0.0,18.856180831641268,2.4533838799019736,7.490317026774089e-06,2.0685120977989294e-05,128.0,0.0,4.0,12.0,4.0,0.0,
192.168.50.6,172.217.9.238,6,0.04125213623046875,4,240,60.0,96.96467542075088,5817.880525245053,0,4,0,4,0,0,0.0,0.0,1.3862943611198906,0.003974735736846924,0.00676995570662511,128.0,0.0,,4.0,,0.0,2.0
172.217.7.2,192.168.50.6,6,2.000253915786743,4,400,100.0,1.999746116445778,199.9746116445778,0,4,0,0,0,0,0.0,0.0,1.3862943611198906,0.016502022743225098,0.017399521134065715,53.0,0.0,4.0,4.0,,0.0,
172.217.10.98,192.168.50.6,6,0.0005049705505371094,4,400,100.0,7921.254013220019,792125.4013220019,0,4,0,0,0,0,0.0,0.0,1.3862943611198906,0.00023424625396728516,0.00023362134614113346,53.0,0.0,4.0,4.0,,0.0,
172.217.9.238,192.168.50.6,6,2.1457672119140625e-06,2,120,60.0,932067.5555555555,55924053.333333336,0,2,0,2,0,0,0.0,0.0,0.6931471805599453,0.007462024688720703,0.007459878921508789,58.0,0.0,,2.0,,0.0,2.0
0.0.0.0,255.255.255.255,17,1451.1495940685272,69,23598,342.0,0.04754850932118418,16.261590187844988,0,0,69,0,0,0,0.0,0.0,4.234106504597258,2.7887595114500625,2.698241030586307,128.0,0.0,,,,,
192.168.50.6,172.217.10.65,6,34.43524885177612,6,440,73.33333333333333,0.17424006505155626,12.777604770447459,0,6,0,0,0,0,0.0,18.856180831641264,1.7602366993420289,0.31206317742665607,0.6886799437335268,128.0,0.0,2.0,6.0,2.0,0.0,
192.168.50.6,172.217.12.206,6,319.53573989868164,248,27084,109.20967741935483,0.7761260135677962,84.76047157850884,0,248,0,242,0,0,0.056451612903225805,135.9012493826562,5.0414977758012,0.14254828614573326,0.686336954049564,128.0,0.0,30.0,234.0,2.0,14.0,14.0
172.217.12.206,192.168.50.6,6,319.4944598674774,202,32648,161.62376237623764,0.63224883487428,102.18643545037372,0,202,0,200,0,0,0.06930693069306931,239.66923789624178,4.616063184190438,0.008927894110726838,0.014331591089893979,120.3069306930693,1.727715679862886,30.0,202.0,,14.0,14.0
172.217.10.65,192.168.50.6,6,1.9073486328125e-06,2,200,100.0,1048576.0,104857600.0,0,2,0,0,0,0,0.0,0.0,0.6931471805599453,0.00035250186920166016,0.00035059452056884766,53.0,0.0,2.0,2.0,,0.0,
192.168.50.9,35.158.163.158,6,0.10758399963378906,8,682,85.25,74.36049995567768,6339.232621221523,0,8,0,0,0,0,0.0,19.967160539245434,2.0521461843907733,0.039412617683410645,0.10423102080088614,64.0,0.0,4.0,8.0,,0.0,2.0
192.168.50.9,54.192.55.39,6,0.03950190544128418,8,682,85.25,202.52187611281786,17264.98993861772,0,8,0,0,0,0,0.0,19.967160539245434,2.0521461843907733,2.5331974029541016e-05,4.1095706031227553e-05,64.0,0.0,4.0,8.0,,0.0,2.0
192.168.50.9,93.184.216.180,6,0.028607845306396484,12,882,73.5,419.46535544628716,30830.703625302107,0,12,0,0,0,0,0.0,17.64227876437735,2.457593549725644,2.859036127726237e-05,3.9453587625001694e-05,64.0,0.0,4.0,6.0,6.0,0.0,2.0
93.184.216.180,192.168.50.9,6,0.00043511390686035156,6,444,74.0,13789.492602739727,1020422.4526027397,0,6,0,0,0,0,0.0,11.313708498984761,1.7804313359582968,0.004696329434712728,0.010348183282136991,55.0,0.0,2.0,6.0,,0.0,2.0
54.192.55.39,192.168.50.9,6,0.00030422210693359375,4,264,66.0,13148.288401253918,867787.0344827586,0,4,0,0,0,0,0.0,0.0,1.3862943611198906,0.0026830434799194336,0.004473193129738298,245.0,0.0,,4.0,,0.0,2.0
35.158.163.158,192.168.50.9,6,5.0067901611328125e-06,4,264,66.0,798915.0476190476,52728393.14285714,0,4,0,0,0,0,0.0,0.0,1.3862943611198906,0.01700228452682495,0.029445929982725237,239.0,0.0,,4.0,,0.0,2.0
192.168.50.9,172.217.197.154,6,0.05387115478515625,8,682,85.25,148.50247840249256,12659.83628381249,0,8,0,0,0,0,0.0,19.967160539245434,2.0521461843907733,0.1115841269493103,0.2951739282693708,64.0,0.0,4.0,8.0,,0.0,2.0
172.217.197.154,192.168.50.9,6,6.9141387939453125e-06,6,396,66.0,867787.0344827586,57273944.27586207,0,6,0,0,0,0,0.0,0.0,1.7917594692280547,0.008956511815388998,0.020024277175164168,44.0,0.0,,6.0,,0.0,2.0
192.168.50.8,192.168.10.50,6,1260.1586689949036,24,1552,64.66666666666667,0.019045220725372847,1.2315909402407774,0,24,0,0,0,0,1.0,1.8856180831641267,3.177625691360258,1.485574205716451,2.0903443475419623,128.0,0.0,,,,24.0,
192.168.50.9,23.194.108.29,6,0.023454904556274414,10,790,79.0,426.35006149811437,33681.65485835104,0,10,0,0,0,0,0.0,21.46625258399798,2.2668243405489794,0.17868480682373047,0.5359964063371658,64.0,0.0,4.0,6.0,4.0,0.0,2.0
23.194.108.29,192.168.50.9,6,0.0009338855743408203,6,458,76.33333333333333,6424.769977023232,490424.1082461067,0,6,0,0,0,0,0.0,14.613540144521982,1.774112018776559,0.003880143165588379,0.008265525229502718,57.0,0.0,2.0,6.0,,0.0,2.0
192.168.50.9,52.28.108.167,6,0.10081696510314941,16,1364,85.25,158.7034482106244,13529.46895995573,0,16,0,0,0,0,0.0,19.967160539245434,2.7452933649507187,0.06106206774711609,0.23639190995580692,64.0,0.0,8.0,16.0,,0.0,4.0
52.28.108.167,192.168.50.9,6,0.000659942626953125,8,528,66.0,12122.265895953757,800069.5491329479,0,8,0,0,0,0,0.0,0.0,2.0794415416798357,0.012553483247756958,0.03300193711754419,239.0,0.0,,8.0,,0.0,4.0
192.168.50.6,54.213.45.184,6,9.5367431640625e-07,2,120,60.0,2097152.0,125829120.0,0,2,0,0,0,0,0.0,0.0,0.6931471805599453,0.004244446754455566,0.00424349308013916,128.0,0.0,,2.0,2.0,0.0,
34.209.30.112,192.168.50.8,6,900.3727860450745,16,1160,72.5,0.017770417151634132,1.2883552434934746,0,16,0,0,0,0,0.0,12.5,2.7576509355831487,0.7768474370241165,1.8742605756607906,230.0,0.0,8.0,16.0,,0.0,
192.168.50.8,34.209.30.112,6,1171.310597896576,10,832,83.2,0.00853744516438071,0.7103154376764751,0,10,0,0,0,0,0.0,11.6,2.2920650817876322,0.0002008676528930664,0.0001972542033373182,128.0,0.0,8.0,10.0,2.0,0.0,
192.168.50.6,192.168.10.50,6,1294.339774131775,36,2328,64.66666666666667,0.027813407823419702,1.7986003725811408,0,36,0,0,0,0,1.0,1.885618083164127,3.5830907994684216,1.2960895432366266,3.838077837517241,128.0,0.0,,,,36.0,
192.168.50.6,4.2.2.4,17,1363.568589925766,754,60928,80.80636604774536,0.5529608158846255,44.68275409843298,0,0,754,0,754,106,0.0,7.458970836890613,6.62119262697515,0.05047189367228541,0.8158855416033011,128.0,0.0,,,,,
4.2.2.4,192.168.50.6,17,1363.568242073059,754,98032,130.0159151193634,0.5529609569475447,71.89372484281392,0,0,754,0,754,0,0.0,41.98098295339032,6.581279386411251,0.0032543800870050484,0.006565528317060286,56.0,0.0,,,,,
192.168.50.9,192.168.10.50,6,732.671276807785,42,3108,74.0,0.05732448006286266,4.242011524651836,0,42,0,0,0,0,1.0,0.0,3.737669618283368,1.5456232513700212,3.2298354949043286,64.0,0.0,,,,42.0,
192.168.50.8,4.2.2.4,17,1283.3729047775269,632,51974,82.2373417721519,0.4924523477527815,40.49797202864409,0,0,632,0,632,96,0.0,7.64546679765715,6.444702052818624,0.04398542265348797,0.454596523154854,128.0,0.0,,,,,
4.2.2.4,192.168.50.8,17,1283.3724648952484,632,81256,128.56962025316454,0.4924525165432665,63.31443304468301,0,0,632,0,632,0,0.0,38.730383697747946,6.4107230440968435,0.003270047374918491,0.00664695284545908,56.0,0.0,,,,,
192.168.50.8,173.194.208.109,6,1.6433210372924805,38,4902,129.0,23.123905273316787,2982.9837802578654,0,38,0,0,0,0,0.05263157894736842,80.75368657056372,3.4818590704942576,0.00027706748560855265,0.0007088311944945427,128.0,0.0,26.0,36.0,,2.0,2.0
173.194.208.109,192.168.50.8,6,1.6432619094848633,47,10030,213.40425531914894,28.60164878691417,6103.713560271258,0,47,0,0,0,0,0.0425531914893617,467.0123083518303,2.8764525414621636,0.03588124538989777,0.08389224966945674,106.0,0.0,24.0,45.0,2.0,2.0,2.0
192.168.50.8,74.208.236.171,6,1280.0041589736938,260,27098,104.22307692307692,0.2031243400087604,21.170243713682268,0,260,0,260,0,0,0.24615384615384617,118.50837460732893,5.157181498576833,0.044745374642885645,0.30861718791298065,128.0,0.0,30.0,196.0,6.0,64.0,42.0
192.168.50.8,172.217.9.226,6,1067.240886926651,492,96930,197.0121951219512,0.46100182819721186,90.82298212836534,0,492,0,8,0,0,0.036585365853658534,361.7202854305097,5.37052464927734,0.02021973792130385,0.23818623757226756,128.0,0.0,206.0,474.0,2.0,18.0,16.0
192.168.50.8,172.217.3.106,6,406.4791829586029,54,7090,131.2962962962963,0.13284813162375286,17.442467652081625,0,54,0,0,0,0,0.07407407407407407,143.4412551882696,3.591262157619589,0.06140572494930691,0.2578601278182352,128.0,0.0,24.0,50.0,,4.0,2.0
74.208.236.171,192.168.50.8,6,1281.9976599216461,318,203478,639.8679245283018,0.24805037477169475,158.71947848363178,0,318,0,318,0,0,0.4088050314465409,849.7916068124584,4.948908132379662,0.02726900277647582,0.13255693155570164,54.0,0.0,16.0,318.0,,130.0,38.0
172.217.9.226,192.168.50.8,6,1042.2316069602966,576,370304,642.8888888888889,0.5526602687476763,355.2991461082283,0,576,0,4,0,0,0.03125,680.937013842681,5.780967597586084,0.002553514308399624,0.012031808243966458,53.0,0.0,266.0,576.0,,18.0,16.0
172.217.3.106,192.168.50.8,6,420.7798490524292,58,15128,260.82758620689657,0.1378393003624401,35.952291997982655,0,58,0,0,0,0,0.20689655172413793,389.44735990317474,3.3491627242393727,0.06394470149073107,0.33431269309243944,55.93103448275862,2.462561527083741,32.0,58.0,,12.0,2.0
192.168.50.8,52.85.90.206,6,966.3423938751221,226,20148,89.15044247787611,0.2338715567405867,20.849752766413012,0,226,0,0,0,0,0.02654867256637168,91.89299483532035,5.133880020984857,0.044019117819524445,0.4312680302946532,128.0,0.0,44.0,220.0,2.0,6.0,6.0
52.85.90.206,192.168.50.8,6,966.3028340339661,333,470302,1412.3183183183182,0.3446124633722174,486.70249474138313,0,333,0,0,0,0,0.018018018018018018,653.6539989360577,5.666105978911921,0.0015985342833372924,0.006514524452399858,245.0,0.0,34.0,333.0,,6.0,4.0
192.168.50.8,54.192.53.175,6,115.90065598487854,42,4606,109.66666666666667,0.36237931220578856,39.74093123856815,0,42,0,0,0,0,0.047619047619047616,132.65434257186834,3.2987392178298194,0.8861550035930815,1.8534101290914822,128.0,0.0,8.0,40.0,,2.0,2.0
54.192.53.175,192.168.50.8,6,115.86127710342407,39,13416,344.0,0.33660944342246873,115.79364853732925,0,39,0,0,0,0,0.05128205128205128,631.0144457690575,2.625725197256431,0.009423158107659755,0.015013010661376301,245.0,0.0,6.0,39.0,,2.0,2.0
192.168.50.8,172.217.12.193,6,170.2412281036377,42,6604,157.23809523809524,0.24670874657008274,38.792013389257775,0,42,0,0,0,0,0.047619047619047616,216.14499206868496,3.199790269726928,0.04503519762130011,0.15768252868584795,128.0,0.0,24.0,40.0,,2.0,2.0
172.217.12.193,192.168.50.8,6,170.196622133255,34,8352,245.64705882352942,0.1997689470792187,49.07265429428337,0,34,0,0,0,0,0.058823529411764705,430.3156080034159,2.6095955242379736,0.007062890950371237,0.014473389512979105,116.0,0.0,12.0,34.0,,2.0,2.0
192.168.50.8,172.217.3.100,6,170.54258489608765,42,6526,155.38095238095238,0.24627280057699832,38.26610229917836,0,42,0,0,0,0,0.047619047619047616,230.22152400107746,3.1379146579176718,0.0001233702614193871,0.0003101436100820062,128.0,0.0,20.0,40.0,,2.0,2.0
172.217.3.100,192.168.50.8,6,170.50137305259705,31,8130,262.258064516129,0.18181671763098928,47.6829004625788,0,31,0,0,0,0,0.06451612903225806,479.96847797987573,2.580540585677185,0.004372842850223664,0.009535867757281939,53.0,0.0,22.0,31.0,,2.0,2.0
192.168.50.8,172.217.9.230,6,171.39021706581116,130,15552,119.63076923076923,0.7585030360868382,90.74030167094237,0,130,0,0,0,0,0.015384615384615385,142.64367323787235,4.5004441674928035,0.0008016476264366736,0.004561100413175777,128.0,0.0,54.0,128.0,,2.0,2.0
172.217.9.230,192.168.50.8,6,171.34890794754028,168,169422,1008.4642857142857,0.9804556212954355,988.7544778042576,0,168,0,0,0,0,0.011904761904761904,707.1052903080506,4.811802364744452,0.001368998062042963,0.0042866214687239355,57.523809523809526,1.467717619754518,62.0,168.0,,2.0,2.0
192.168.50.8,172.217.12.162,6,410.92115783691406,126,19446,154.33333333333334,0.30662816357099515,47.322946577790255,0,126,0,0,0,0,0.031746031746031744,279.5332844991043,4.160120517098983,0.13560050252884154,0.6168578199225933,128.0,0.0,62.0,122.0,,4.0,4.0
172.217.12.162,192.168.50.8,6,410.87993907928467,126,24050,190.87301587301587,0.30665892397264655,58.53291366303293,0,126,0,0,0,0,0.031746031746031744,379.1457604728758,4.043370428607651,0.007529805576990521,0.017319011970765984,116.0,0.0,80.0,126.0,,4.0,4.0
192.168.50.8,172.217.10.138,6,171.11576104164124,40,4340,108.5,0.23375988136046655,25.36294712761062,0,40,0,0,0,0,0.05,113.46343023194743,3.3702441323715053,0.00013579726219177247,0.0003228031453290269,128.0,0.0,16.0,38.0,,2.0,2.0
172.217.10.138,192.168.50.8,6,171.0747311115265,30,7736,257.8666666666667,0.17536195909869645,45.22000385291719,0,30,0,0,0,0,0.06666666666666667,406.36385447308453,2.6197517816327904,0.003299887975056966,0.008320064967565186,53.0,0.0,18.0,30.0,,2.0,2.0
192.168.50.8,172.217.12.206,6,1303.6419949531555,132,18360,139.0909090909091,0.10125479273528867,14.083621171362878,0,132,0,132,0,0,0.09090909090909091,165.43356510336685,4.371595734577613,0.09354966337030585,0.3544999512613146,128.0,0.0,24.0,120.0,,12.0,2.0
172.217.12.206,192.168.50.8,6,1303.642154932022,110,29352,266.8363636363636,0.08437898359134904,22.515381148847975,0,110,0,110,0,0,0.10909090909090909,315.2429806665077,4.079211556387692,0.007792080532420765,0.014705637061697254,119.9090909090909,2.0650575802910085,32.0,110.0,,12.0,2.0
192.168.50.6,74.208.236.171,6,1198.0128870010376,440,48118,109.35909090909091,0.36727484718586245,40.164843402021205,0,440,0,440,0,0,0.2909090909090909,133.08511684800175,5.634590706885723,0.07627383958209645,0.7014336562092566,128.0,0.0,50.0,312.0,8.0,128.0,64.0
192.168.50.6,23.63.78.40,6,176.00052690505981,48,4056,84.5,0.27272645624460373,23.045385552669018,0,48,0,48,0,0,0.041666666666666664,80.36168241145776,3.5990455974176516,0.07929924130439758,0.2928263545669718,128.0,0.0,4.0,46.0,,2.0,2.0
192.168.50.6,8.8.8.8,17,1300.8571360111237,198,16264,82.14141414141415,0.15220733662355596,12.502525872957142,0,0,198,0,198,59,0.0,6.966021575193594,5.284760892152661,0.003980217557964903,0.006775882416780418,128.0,0.0,,,,,
23.63.78.40,192.168.50.6,6,175.96200513839722,44,4356,99.0,0.25005398162741566,24.75534418111415,0,44,0,44,0,0,0.045454545454545456,107.2206730405696,3.4363350087344875,0.011173833500255238,0.0156838132079284,53.0,0.0,4.0,44.0,,2.0,2.0
74.208.236.171,192.168.50.6,6,1198.0127069950104,611,321068,525.4795417348608,0.5100112848824272,268.00049625962544,0,611,0,611,0,0,0.5237315875613748,833.8259899381603,5.4327994429261075,0.03805437493831553,0.2966866956794635,54.0,0.0,26.0,611.0,,320.0,58.0
8.8.8.8,192.168.50.6,17,1300.8560121059418,198,25460,128.58585858585857,0.15220746812666833,19.571727972247352,0,0,198,0,198,0,0.0,36.83899177735353,5.252586785379129,0.0049978301982686974,0.01072912469292891,106.94949494949495,0.592439527216775,,,,,
192.168.50.6,52.39.131.77,6,61.30163908004761,32,4342,135.6875,0.5220088806795923,70.83007999721217,0,32,0,0,0,0,0.0625,179.12555608776208,2.90665884110582,0.034432440996170044,0.08663085278443103,128.0,0.0,6.0,30.0,,2.0,2.0
192.168.50.6,34.213.240.161,6,1200.664978981018,26,4646,178.69230769230768,0.02165466675147443,3.8695223741288545,0,26,0,0,0,0,0.07692307692307693,195.50147928434419,2.809937593503858,0.0015691610483022837,0.004300220949845271,128.0,0.0,16.0,24.0,,2.0,
52.39.131.77,192.168.50.6,6,61.2104218006134,28,8232,294.0,0.4574384422836865,134.48690203140384,0,28,0,0,0,0,0.07142857142857142,520.1718122752465,2.3328336194354105,0.03088057892663138,0.055170281473285114,231.0,0.0,8.0,28.0,,2.0,2.0
34.213.240.161,192.168.50.6,6,1200.6651079654694,30,8856,295.2,0.024986151259808898,7.375911851895587,0,30,0,0,0,0,0.06666666666666667,503.5643884681812,2.4887765177391246,0.260688853263855,0.78945745875287,231.0,0.0,16.0,30.0,,2.0,
192.168.50.6,72.21.91.29,6,175.48839402198792,86,8656,100.65116279069767,0.4900608982108787,49.32519924317868,0,86,0,86,0,0,0.046511627906976744,125.9787512021844,4.006236851353389,0.05103040573208831,0.1875139880036872,128.0,0.0,8.0,82.0,,4.0,4.0
72.21.91.29,192.168.50.6,6,175.45938777923584,76,11164,146.89473684210526,0.43314866740344327,63.62725951173737,0,76,0,76,0,0,0.05263157894736842,238.42761115645325,3.599666786903908,0.008225133544520327,0.011653947508553595,54.0,0.0,8.0,76.0,,4.0,4.0
192.168.50.6,172.217.6.234,6,172.32513689994812,44,6472,147.0909090909091,0.2553312928777557,37.55691198874625,0,44,0,0,0,0,0.09090909090909091,211.26349533890118,3.214511496760325,0.00019542737440629438,0.00045053430934327343,128.0,0.0,20.0,40.0,,4.0,2.0
192.168.50.6,192.0.73.2,6,30.057392835617065,32,3172,99.125,1.0646299289830956,105.53144171044934,0,32,0,32,0,0,0.125,101.26627955543741,3.121702634949281,0.006455481052398682,0.024422217713421655,128.0,0.0,4.0,28.0,,4.0,4.0
192.0.73.2,192.168.50.6,6,30.05721688270569,28,7616,272.0,0.9315566410977535,253.38340637858894,0,28,0,28,0,0,0.14285714285714285,512.0066963847809,2.2400742872132797,0.0054977961948939735,0.013353298615439662,58.0,0.0,4.0,28.0,,4.0,4.0
172.217.6.234,192.168.50.6,6,172.28407096862793,44,10370,235.6818181818182,0.2553921540895802,60.19128722520334,0,44,0,0,0,0,0.2727272727272727,356.74760448499876,3.064094689814146,0.05209980227730491,0.28931237398365073,55.04545454545455,2.4583304150890837,20.0,44.0,,12.0,2.0
192.168.50.6,172.217.12.163,6,1.6637499332427979,6,396,66.0,3.606311189029148,238.01653847592377,0,6,0,0,0,0,1.0,0.0,1.7917594692280547,0.0009793440500895183,0.001137230669770016,128.0,0.0,,,,6.0,
192.168.50.6,172.217.9.226,6,1300.496444940567,778,151160,194.29305912596402,0.5982330847782938,116.2325361119369,0,778,0,8,0,0,0.028277634961439587,331.8124047665573,5.878495362254325,0.03285220043211792,0.40322127284084847,128.0,0.0,326.0,756.0,10.0,22.0,16.0
172.217.12.163,192.168.50.6,6,15.964236974716187,30,1980,66.0,1.8792003681424518,124.02722429740183,0,30,0,0,0,0,1.0,0.0,3.401197381662155,0.023731637001037597,0.05277123339537001,116.0,0.0,,30.0,,30.0,
172.217.9.226,192.168.50.6,6,1300.4342238903046,986,623424,632.2758620689655,0.7582082829613165,479.3967957371965,0,986,0,4,0,0,0.02231237322515213,672.6021740592325,6.317075352208014,0.003821056706426593,0.01694257529577257,53.0,0.0,528.0,986.0,,22.0,16.0
192.168.50.6,172.217.12.193,6,170.60728907585144,54,6778,125.51851851851852,0.31651637097399615,39.72866597151382,0,54,0,0,0,0,0.07407407407407407,135.15543051540774,3.6164022441444006,0.05320841294747812,0.2241591480383994,128.0,0.0,24.0,50.0,2.0,4.0,4.0
172.217.12.193,192.168.50.6,6,170.56622791290283,40,14864,371.6,0.23451301285988113,87.14503557873184,0,40,0,0,0,0,0.1,525.4781061090938,2.911810921534061,0.0002781212329864502,0.0005792482934823646,116.0,0.0,20.0,40.0,,4.0,4.0
192.168.50.6,172.217.3.100,6,170.9836230278015,74,15234,205.86486486486487,0.43278998707360283,89.09625220377386,0,74,0,0,0,0,0.02702702702702703,281.9963735785767,3.6830414509380045,0.0005597874924943253,0.001957259630295941,128.0,0.0,42.0,72.0,,2.0,2.0
172.217.3.100,192.168.50.6,6,170.9432339668274,78,12382,158.74358974358975,0.45629182384098566,72.43340208716775,0,78,0,0,0,0,0.02564102564102564,257.9975867456921,3.7547654528082317,0.0015640900685237004,0.0038664727319635147,116.0,0.0,52.0,78.0,,2.0,2.0
192.168.50.6,54.243.214.170,6,115.82524490356445,82,27856,339.7073170731707,0.7079631048332582,240.50024692969802,0,82,0,0,0,0,0.024390243902439025,756.89585080832,3.0977140930083973,0.055089828444690236,0.450350543201448,128.0,0.0,10.0,80.0,2.0,2.0,2.0
54.243.214.170,192.168.50.6,6,115.76128101348877,119,140954,1184.4873949579833,1.0279775669218263,1217.62647031848,0,119,0,0,0,0,0.01680672268907563,927.8210116574454,4.400851079992447,0.0023938447487454454,0.00920759282659856,236.0,0.0,12.0,119.0,,2.0,2.0
192.168.50.6,72.167.239.239,6,0.06871390342712402,10,1462,146.2,145.53095518151883,21276.625647538054,0,10,0,10,0,0,0.2,169.41593785709773,1.7980784976580118,0.00012018680572509766,0.00019457642314853177,128.0,0.0,2.0,8.0,,2.0,2.0
72.167.239.239,192.168.50.6,6,0.06867718696594238,11,5186,471.45454545454544,160.16963544903194,75512.70267624361,0,11,0,11,0,0,0.18181818181818182,738.5209252450423,1.4378928141154974,0.0008111650293523616,0.001973779566389062,50.0,0.0,2.0,11.0,,2.0,2.0
192.168.50.6,172.217.9.230,6,1298.97931599617,544,59328,109.05882352941177,0.41879034816102023,45.67278267591362,0,544,0,0,0,0,0.01838235294117647,135.44182953154174,5.927401864960735,0.0062903051867204554,0.07162059550278647,128.0,0.0,196.0,534.0,2.0,10.0,6.0
172.217.9.230,192.168.50.6,6,1298.9164130687714,735,796764,1084.0326530612244,0.5658562726630857,613.4066765063005,0,735,0,0,0,0,0.024489795918367346,728.4681394723414,6.305722517007802,0.004128827854078644,0.06126765977870634,57.4421768707483,1.5741502478259006,168.0,735.0,,18.0,6.0
192.168.50.6,172.217.12.162,6,1301.9466519355774,362,69928,193.17127071823205,0.2780451867684609,53.710342045151755,0,362,0,0,0,0,0.022099447513812154,342.2349495910517,5.17764901857147,0.28015169978800397,1.558834356551153,128.0,0.0,214.0,354.0,4.0,8.0,4.0
172.217.12.162,192.168.50.6,6,1301.9051649570465,500,67282,134.564,0.38405255118293996,51.67964749738113,0,500,0,0,0,0,0.032,224.27705612478508,5.737250405571729,0.008520644664764404,0.019293353537433635,116.0,0.0,308.0,500.0,,16.0,
192.168.50.6,31.13.71.2,6,170.4127380847931,38,6116,160.94736842105263,0.22298802558463768,35.88933590725379,0,38,0,0,0,0,0.05263157894736842,248.93298055674396,2.980147274248138,0.027177904781542327,0.1556633615966572,128.0,0.0,18.0,36.0,2.0,2.0,2.0
31.13.71.2,192.168.50.6,6,170.38469409942627,32,10042,313.8125,0.18781029698199725,58.93721882166301,0,32,0,0,0,0,0.0625,581.0956481886179,2.472191195425929,0.0031813383102416992,0.00815098874359554,86.0,0.0,18.0,30.0,2.0,2.0,2.0
192.168.50.6,52.85.89.250,6,116.28864908218384,316,56328,178.25316455696202,2.7173761368289315,484.3808956813293,0,316,0,0,0,0,0.0379746835443038,347.9985438771526,4.802408752149561,0.0033749289150479473,0.018808981889657603,128.0,0.0,58.0,304.0,,12.0,12.0
52.85.89.250,192.168.50.6,6,116.24937391281128,324,226654,699.5493827160494,2.7871117847310276,1949.722328569217,0,324,0,0,0,0,0.037037037037037035,851.4436110923549,5.059179128676475,0.0019192747127862624,0.006318311832073087,245.0,0.0,46.0,324.0,,12.0,12.0
192.168.50.6,23.194.177.32,6,115.16730189323425,76,6610,86.97368421052632,0.659909529446611,57.39476302160656,0,76,0,0,0,0,0.02631578947368421,100.0398570155403,3.9920803226836816,0.005589378507513749,0.01757158690090962,128.0,0.0,8.0,74.0,2.0,2.0,2.0
23.194.177.32,192.168.50.6,6,115.14605712890625,97,121208,1249.5670103092784,0.8424083500437041,1052.6456834236833,0,97,0,0,0,0,0.020618556701030927,991.5161139752117,4.186288857052322,0.002264253871957051,0.006003202498081173,55.0,0.0,10.0,97.0,2.0,2.0,
192.168.50.8,52.88.72.192,6,61.25275683403015,30,4734,157.8,0.4897738738729376,77.28631729714955,0,30,0,0,0,0,0.06666666666666667,233.94933924534465,2.724434029304831,0.05126830736796061,0.11519566183138123,128.0,0.0,6.0,28.0,,2.0,2.0
52.88.72.192,192.168.50.8,6,61.160505056381226,28,8994,321.2142857142857,0.4578117851412118,147.0556855557164,0,28,0,0,0,0,0.07142857142857142,587.1112304655528,2.280657165008582,0.03767821618488857,0.04822126496612134,230.0,0.0,8.0,28.0,,2.0,2.0
192.168.50.8,72.21.91.29,6,1279.2553141117096,100,9556,95.56,0.07817047847828414,7.469970923384832,0,100,0,100,0,0,0.08,117.51172877632257,4.189496097315674,0.11447830438613892,0.5587527430411152,128.0,0.0,8.0,92.0,,8.0,6.0
72.21.91.29,192.168.50.8,6,1279.2559690475464,86,16468,191.48837209302326,0.0672265770735705,12.873107805204175,0,86,0,86,0,0,0.09302325581395349,286.8559619182554,3.701138454354873,0.010256115780320279,0.0130285615064052,54.74418604651163,0.43631774509985394,14.0,86.0,,8.0,6.0
192.168.50.8,239.255.255.250,17,1207.8485929965973,36,5976,166.0,0.02980506017785411,4.947639989523783,0,0,36,0,0,0,0.0,1.0,3.5835007934777314,0.18468546867370605,0.66408895142139,1.0,0.0,,,,,
192.168.50.8,192.168.50.255,17,719.8815021514893,8,1944,243.0,0.011112940082625583,2.7004444400780168,0,0,8,0,0,0,0.0,0.0,2.0794415416798357,0.5966911315917969,1.070536843664445,128.0,0.0,,,,,
192.168.50.6,172.217.3.106,6,171.04902720451355,42,5470,130.23809523809524,0.24554363556702957,31.979135394086946,0,42,0,0,0,0,0.047619047619047616,142.14811348660402,3.350147254665268,0.06255970682416644,0.2902374731889219,128.0,0.0,20.0,40.0,,2.0,2.0
172.217.3.106,192.168.50.6,6,171.00694108009338,35,9272,264.9142857142857,0.2046700547880526,54.22002137128069,0,35,0,0,0,0,0.05714285714285714,474.856150935873,2.716481106847924,0.008571863174438477,0.018295059271965633,119.14285714285714,2.4159335036125373,20.0,35.0,,2.0,2.0
192.168.50.6,52.34.248.21,6,120.97219204902649,51,24906,488.3529411764706,0.42158449091615363,205.88202609328866,0,51,0,0,0,0,0.0392156862745098,875.8748416170108,2.833154102444478,0.47620266091589836,1.516301502699775,128.0,0.0,8.0,49.0,,2.0,2.0
52.34.248.21,192.168.50.6,6,120.87961006164551,52,10642,204.65384615384616,0.4301800772974146,88.03800735767473,0,52,0,0,0,0,0.038461538461538464,454.4519897049033,2.8287420479810628,0.02503898052068857,0.04387969651878995,230.0,0.0,10.0,52.0,,2.0,2.0
192.168.50.9,4.2.2.4,17,1049.900801897049,158,12320,77.9746835443038,0.15049040796474517,11.734441937504181,0,0,158,0,158,35,0.0,5.021409060262737,5.060554836795642,0.10404291334031504,0.6554132356078468,64.0,0.0,,,,,
192.168.50.9,8.8.8.8,17,1048.2020771503448,14,1136,81.14285714285714,0.013356203260024607,1.0837604930991396,0,0,14,0,14,6,0.0,6.288960200872897,2.6360601813136486,1.8051692417689732e-06,8.723564471425804e-07,64.0,0.0,,,,,
4.2.2.4,192.168.50.9,17,1049.900614976883,158,25766,163.0759493670886,0.15049043475746407,24.54137051873936,0,0,158,0,158,0,0.0,58.194517152652345,5.003360852808972,0.005449761318255074,0.01079416895341674,56.0,0.0,,,,,
192.168.50.9,173.194.204.109,6,1.5818071365356445,38,5330,140.26315789473685,24.023156251036237,3369.56375836903,0,38,0,0,0,0,0.05263157894736842,85.50890511043627,3.48904464520065,0.00012961814278050472,0.00042058183788778276,64.0,0.0,26.0,36.0,,2.0,2.0
8.8.8.8,192.168.50.9,17,1048.2105240821838,14,2318,165.57142857142858,0.013356095629986582,2.2113878335934927,0,0,14,0,14,0,0.0,83.76643914200133,2.5270078126291255,0.015124474252973284,0.017458559347001534,107.0,0.9258200997725514,,,,,
173.194.204.109,192.168.50.9,6,1.5815668106079102,48,10656,222.0,30.349650535186775,6737.622418811464,0,48,0,0,0,0,0.041666666666666664,370.40945812258445,3.1263912721810625,0.033461968104044594,0.07682568505320021,44.0,0.0,24.0,46.0,2.0,2.0,2.0
192.168.50.6,52.85.90.206,6,170.169842004776,70,9570,136.71428571428572,0.4113537344533432,56.23793198169278,0,70,0,0,0,0,0.08571428571428572,144.2538578693966,3.8665582527240656,0.05685831819261823,0.34845728728561176,128.0,0.0,32.0,64.0,2.0,6.0,4.0
52.85.90.206,192.168.50.6,6,170.13074612617493,54,26076,482.8888888888889,0.3174029458493746,153.27035585126467,0,54,0,0,0,0,0.1111111111111111,706.6874385486622,3.139378401495456,0.0038572329062002675,0.010389323027011064,245.0,0.0,26.0,54.0,,6.0,4.0
192.168.50.6,172.217.10.226,6,440.15972900390625,302,54510,180.49668874172184,0.68611456273711,123.84140667152275,0,302,0,8,0,0,0.039735099337748346,302.0174521112382,4.98284424956657,0.00777581353850712,0.08074255347607107,128.0,0.0,128.0,290.0,,12.0,12.0
172.217.10.226,192.168.50.6,6,440.1185300350189,325,196096,603.3723076923077,0.7384374386012348,445.5527014152238,0,325,0,4,0,0,0.036923076923076927,673.872505519163,5.178840290074922,0.002902091833261343,0.010967982146570401,53.0,0.0,176.0,325.0,,12.0,12.0
192.168.50.6,172.217.6.225,6,959.6703071594238,108,14446,133.75925925925927,0.11253864915303528,15.053086348747664,0,108,0,0,0,0,0.05555555555555555,179.33456579349166,4.1959558880627785,0.061231807426170064,0.22800563286343514,128.0,0.0,54.0,102.0,,6.0,6.0
172.217.6.225,192.168.50.6,6,959.6292040348053,88,39724,451.40909090909093,0.09170208621204934,41.39515537144827,0,88,0,0,0,0,0.06818181818181818,608.7631020871829,3.7036455924247034,0.00600538199598139,0.014134993194974493,53.0,0.0,42.0,88.0,,6.0,6.0
192.168.50.6,172.217.9.234,6,170.3677909374237,34,3944,116.0,0.1995682388843572,23.149915710585436,0,34,0,0,0,0,0.058823529411764705,121.53527689280904,3.1926612204752853,0.0008688604130464442,0.003530727171777228,128.0,0.0,16.0,32.0,,2.0,2.0
172.217.9.234,192.168.50.6,6,170.32599401474,24,7150,297.9166666666667,0.14090626706058174,41.97832539513164,0,24,0,0,0,0,0.08333333333333333,445.23597831811486,2.398084013952827,0.0005739927291870117,0.0012362095578197995,53.0,0.0,12.0,24.0,,2.0,2.0
192.168.50.6,172.217.10.67,6,170.30705094337463,32,3824,119.5,0.18789591988554646,22.4535624263228,0,32,0,0,0,0,0.0625,124.44175344312696,3.130603419101086,0.07587572187185287,0.24412144876245187,128.0,0.0,16.0,30.0,,2.0,2.0
172.217.10.67,192.168.50.6,6,170.26509714126587,26,9120,350.7692307692308,0.15270305210250032,53.5635321221078,0,26,0,0,0,0,0.07692307692307693,501.2051865785653,2.5005610507700564,0.0004459252724280724,0.0011392819342141505,53.0,0.0,12.0,26.0,,2.0,2.0
192.168.50.6,172.217.10.228,6,170.2498860359192,38,6354,167.21052631578948,0.2232013241523274,37.3216108858918,0,38,0,0,0,0,0.05263157894736842,249.17264759649947,3.016817598385279,7.273021497224506e-05,0.00014036364470106267,128.0,0.0,20.0,36.0,,2.0,2.0
172.217.10.228,192.168.50.6,6,170.2085530757904,27,7728,286.22222222222223,0.15862892617374785,45.40312375817494,0,27,0,0,0,0,0.07407407407407407,509.7232606710584,2.436238476851089,0.003941041451913339,0.009762724756138407,53.0,0.0,18.0,27.0,,2.0,2.0
192.168.50.6,172.217.11.6,6,171.19689512252808,36,6208,172.44444444444446,0.21028418753876513,36.262339895573724,0,36,0,0,0,0,0.05555555555555555,252.04193262722998,2.971233278300574,0.0007036262088351779,0.0033194905259771737,128.0,0.0,20.0,34.0,,2.0,2.0
172.217.11.6,192.168.50.6,6,171.15586113929749,26,8610,331.15384615384613,0.1519083239506449,50.30502573904049,0,26,0,0,0,0,0.07692307692307693,497.1230843028168,2.480098132851979,0.005609292250413161,0.012807212768738939,54.92307692307692,2.432521277052599,14.0,26.0,,2.0,2.0
192.168.50.4,4.2.2.4,17,177.2694308757782,6,522,87.0,0.03384678322910908,2.9446701409324896,0,0,6,0,6,2,0.0,0.0,1.7917594692280547,1.8423778216044109,3.0358380152736983,64.0,0.0,,,,,
192.168.50.4,8.8.8.8,17,177.26943016052246,4,348,87.0,0.022564522243783868,1.9631134352091966,0,0,4,0,4,2,0.0,0.0,1.3862943611198906,2.2649765014648438e-06,8.344650268554688e-07,64.0,0.0,,,,,
4.2.2.4,192.168.50.4,17,177.26991510391235,6,1054,175.66666666666666,0.033846690773687745,5.945735345911147,0,0,6,0,6,0,0.0,51.69998925424346,1.7444068555892775,0.007128516832987468,0.010078941510290935,56.0,0.0,,,,,
192.168.50.4,54.187.144.104,6,60.67265510559082,30,4976,165.86666666666667,0.4944566864230667,82.01388238803933,0,30,0,0,0,0,0.06666666666666667,238.19288169231436,2.7623968033646866,0.5938945849736531,1.4594990168692563,64.0,0.0,6.0,28.0,,2.0,2.0
8.8.8.8,192.168.50.4,17,177.27086806297302,4,644,161.0,0.022564339215505255,3.632858613696346,0,0,4,0,4,0,0.0,58.0,1.3199229664227818,0.012670040130615234,0.012673040284130369,107.5,0.5,,,,,
54.187.144.104,192.168.50.4,6,60.58026909828186,28,9238,329.92857142857144,0.4621966923681777,152.49189443204375,0,28,0,0,0,0,0.07142857142857142,589.2464272618173,2.3272724259992836,0.3537739770753043,1.69667694930495,230.0,0.0,8.0,28.0,,2.0,2.0
192.168.50.8,173.194.204.109,6,1.8947529792785645,40,5084,127.1,21.110931312655953,2683.1993698385713,0,40,0,0,0,0,0.05,79.14347730546086,3.53638096752121,0.006666916608810425,0.039966574728742155,128.0,0.0,28.0,38.0,,2.0,4.0
173.194.204.109,192.168.50.8,6,1.8944728374481201,50,10204,204.08,26.39256631800045,5386.194934177533,0,50,0,0,0,0,0.04,363.1052651780197,3.0989438999002044,0.03186514377593994,0.06943417119048932,44.0,0.0,24.0,46.0,4.0,2.0,2.0
192.168.50.8,172.217.10.67,6,0.0005729198455810547,4,264,66.0,6981.779442363712,460797.443196005,0,4,0,0,0,0,1.0,0.0,1.3862943611198906,0.0006905198097229004,0.0008955008238234325,128.0,0.0,,,,4.0,
192.168.50.8,172.217.10.226,6,574.9584991931915,340,63376,186.4,0.5913470284848451,110.22708610957513,0,340,0,36,0,0,0.029411764705882353,331.32064440925603,5.028725560132848,0.17844142142464134,1.0488819429066396,128.0,0.0,128.0,330.0,,10.0,10.0
172.217.10.67,192.168.50.8,6,14.300079822540283,20,1320,66.0,1.3985935916578105,92.30717704941549,0,20,0,0,0,0,1.0,0.0,2.995732273553991,0.02203909158706665,0.0491425958496146,53.0,0.0,,20.0,,20.0,
172.217.10.226,192.168.50.8,6,574.9170291423798,407,265174,651.5331695331695,0.7079282389793421,461.2387293442458,0,407,0,32,0,0,0.02457002457002457,690.0473353813187,5.4263648154100546,0.003879036305870412,0.011273710323607829,53.0,0.0,180.0,407.0,,10.0,10.0
192.168.50.8,172.217.12.130,6,660.473494052887,124,17996,145.1290322580645,0.1877440974036587,27.24711916835679,0,124,0,0,0,0,0.03225806451612903,194.6583014372064,4.333275300941779,0.12845633875939153,0.7117690985920345,128.0,0.0,62.0,120.0,2.0,4.0,2.0
172.217.12.130,192.168.50.8,6,657.9862358570099,133,27704,208.30075187969925,0.20213188779970598,42.10422420754176,0,133,0,0,0,0,0.03007518796992481,355.42779444931404,4.1929982226672164,0.008445035246081818,0.019189991055515436,116.0,0.0,84.0,133.0,,4.0,2.0
192.168.50.8,172.217.6.225,6,660.2586200237274,46,6434,139.8695652173913,0.06966966973993755,9.744666415364307,0,46,0,0,0,0,0.08695652173913043,164.75074832523225,3.3926427351943538,0.13462538822837497,0.6286876787126736,128.0,0.0,24.0,42.0,2.0,4.0,2.0
172.217.6.225,192.168.50.8,6,635.4532542228699,32,3084,96.375,0.050357756117142764,4.853228745789633,0,32,0,0,0,0,0.125,48.14545020040835,3.3584807126047265,0.0054934099316596985,0.01333773907500154,53.0,0.0,16.0,32.0,,4.0,2.0
192.168.50.8,172.217.12.164,6,170.83722305297852,52,9210,177.1153846153846,0.30438331337119795,53.91096761824487,0,52,0,0,0,0,0.038461538461538464,254.35625030851105,3.329993635736579,0.0001552563447218675,0.0005214292837844353,128.0,0.0,26.0,50.0,,2.0,2.0
172.217.12.164,192.168.50.8,6,170.79622101783752,50,9746,194.92,0.2927465239103746,57.06215244061022,0,50,0,0,0,0,0.04,316.1548886226496,3.220733582285666,0.0008699703216552735,0.0025683664241284002,116.0,0.0,32.0,50.0,,2.0,2.0
192.168.50.8,172.217.11.6,6,170.67435693740845,120,13586,113.21666666666667,0.7030933184884224,79.60188187486422,0,120,0,0,0,0,0.03333333333333333,160.93861062184203,4.311687796126153,0.006855420271555583,0.049006740571176564,128.0,0.0,40.0,116.0,,4.0,4.0
192.168.50.8,23.194.108.16,6,5.465846061706543,58,7488,129.10344827586206,10.611348974195456,1369.9617434271652,0,58,0,0,0,0,0.10344827586206896,154.26921046811063,3.603614925172513,0.000576237152362692,0.0023401093046129836,128.0,0.0,18.0,52.0,6.0,6.0,6.0
192.168.50.8,172.217.10.66,6,170.67463397979736,48,11982,249.625,0.28123687088546345,70.2037538947838,0,48,0,0,0,0,0.041666666666666664,483.31501222460145,2.88663591123316,0.051020448406537376,0.19801858101084516,128.0,0.0,24.0,46.0,,2.0,2.0
23.194.108.16,192.168.50.8,6,5.444077968597412,52,29286,563.1923076923077,9.551663348678499,5379.42332364228,0,52,0,0,0,0,0.11538461538461539,670.6429188146349,3.3155676557200264,0.0006334781646728516,0.0024252084803953215,57.0,0.0,24.0,52.0,,6.0,6.0
172.217.11.6,192.168.50.8,6,170.63293194770813,155,147744,953.1870967741935,0.9083826798891379,865.8586494034889,0,155,0,0,0,0,0.025806451612903226,687.3842686130754,4.698676787386915,0.0015052410864060924,0.0059908813389436535,56.645161290322584,2.222297374148366,40.0,155.0,,4.0,4.0
172.217.10.66,192.168.50.8,6,170.6326780319214,48,10172,211.91666666666666,0.2813060227011166,59.613434644078296,0,48,0,0,0,0,0.041666666666666664,347.7099984981098,3.1211198399153632,0.0013098617394765217,0.005078494408992402,53.0,0.0,28.0,48.0,,2.0,2.0
192.168.50.8,204.154.111.108,6,0.14704179763793945,20,6416,320.8,136.0157473676018,43633.85175552666,0,20,0,0,0,0,0.1,589.9348777619441,1.9778205233564252,9.680986404418946e-05,0.0001576324494641092,128.0,0.0,6.0,18.0,,2.0,2.0
204.154.111.108,192.168.50.8,6,0.14653396606445312,26,19812,762.0,177.43326478015254,135204.14776247623,0,26,0,0,0,0,0.07692307692307693,792.9667759069782,2.7001820486013535,0.0006412909581111028,0.0015126784318209223,53.0,0.0,12.0,26.0,,2.0,2.0
192.168.50.8,23.192.125.11,6,659.4349510669708,52,5754,110.65384615384616,0.07885538962692772,8.725652152179656,0,52,0,52,0,0,0.07692307692307693,138.81890314298872,3.469719062719337,0.19281010444347674,0.36872451298435055,128.0,0.0,6.0,48.0,2.0,4.0,2.0
23.192.125.11,192.168.50.8,6,655.4159779548645,42,7876,187.52380952380952,0.0640814405090569,12.016795844031718,0,42,0,42,0,0,0.09523809523809523,300.1280074596138,2.9323122404655715,0.006597757339477539,0.009759036117513479,57.0,0.0,6.0,42.0,,4.0,2.0
192.168.50.8,23.194.177.32,6,115.40845990180969,96,9134,95.14583333333333,0.83182810065811,79.14497782719975,0,96,0,0,0,0,0.041666666666666664,114.0944399725021,4.1788190352087575,0.012298775215943655,0.035426482167717856,128.0,0.0,14.0,92.0,4.0,4.0,4.0
192.168.50.8,172.217.12.174,6,574.787693977356,70,10022,143.17142857142858,0.12178409651678744,17.436003075589195,0,70,0,0,0,0,0.05714285714285714,192.93973681130674,3.7382465559307754,0.001195117405482701,0.00821097372640718,128.0,0.0,36.0,66.0,,4.0,4.0
23.194.177.32,192.168.50.8,6,115.38702201843262,115,138012,1200.104347826087,0.9966458791321368,1196.07905278943,0,115,0,0,0,0,0.034782608695652174,1006.0674225302936,4.322637860787631,0.002558743435403575,0.006455112703896106,55.0,0.0,18.0,115.0,2.0,4.0,2.0
172.217.12.174,192.168.50.8,6,574.7465109825134,56,11048,197.28571428571428,0.09743425828591727,19.222387241835964,0,56,0,0,0,0,0.07142857142857142,361.9734458633728,3.192763830854504,0.0019161105155944824,0.0054579316806535015,117.42857142857143,2.258769757263128,26.0,56.0,,4.0,4.0
192.168.50.8,31.13.71.2,6,170.36291909217834,36,5984,166.22222222222223,0.2113135897872322,35.12501448018882,0,36,0,0,0,0,0.05555555555555555,250.6623571339554,2.9413038452813187,0.00010133451885647244,0.0002101344052388798,128.0,0.0,18.0,34.0,2.0,2.0,2.0
31.13.71.2,192.168.50.8,6,170.336688041687,37,10468,282.9189189189189,0.21721685695183224,61.45475833977783,0,37,0,0,0,0,0.05405405405405406,547.7326916790403,2.6599961632740983,0.009530943793219488,0.028159514596261426,85.0,0.0,22.0,35.0,2.0,2.0,2.0
192.168.50.8,172.217.9.238,6,115.30143308639526,36,3044,84.55555555555556,0.31222508720273434,26.40036570680898,0,36,0,36,0,0,0.05555555555555555,98.35266602172128,3.242213413075749,0.014462464385562472,0.02950262278111515,128.0,0.0,2.0,34.0,,2.0,2.0
172.217.9.238,192.168.50.8,6,115.26016879081726,32,4860,151.875,0.2776327705894305,42.16547703326975,0,32,0,32,0,0,0.0625,229.48008492023877,2.778132564121639,0.01457110047340393,0.018309089991896278,57.375,1.653594569415369,4.0,32.0,,2.0,2.0
192.168.50.8,204.154.111.133,6,1.0998289585113525,30,10580,352.6666666666667,27.276968630291197,9619.677603616028,0,30,0,0,0,0,0.13333333333333333,539.8109133967396,2.557226130202185,0.01924156347910563,0.10088789951408228,128.0,0.0,12.0,26.0,,4.0,4.0
204.154.111.133,192.168.50.8,6,1.0967328548431396,33,13778,417.5151515151515,30.08936939772797,12562.767623087757,0,33,0,0,0,0,0.12121212121212122,607.6040437759247,2.734043549037156,0.005450234268650864,0.009777478453151302,52.27272727272727,0.9620913858416693,18.0,33.0,,4.0,4.0
192.168.50.6,192.168.50.255,17,603.7670049667358,24,2208,92.0,0.039750433201168826,3.657039854507532,0,0,24,0,0,0,0.0,0.0,3.1780538303479453,0.22651135921478271,0.5960094262917844,128.0,0.0,,,,,
192.168.50.6,224.0.0.252,17,602.68852186203,24,1536,64.0,0.039821564754296386,2.5485801442749687,0,0,24,0,0,0,0.0,0.0,3.1780538303479453,0.0260165532430013,0.09139086958921927,1.0,0.0,,,,,
192.168.50.8,172.217.7.2,6,649.1049408912659,112,18146,162.01785714285714,0.17254528958940948,27.955418079369863,0,112,0,0,0,0,0.03571428571428571,288.698154966606,4.030174751071073,0.2016581552369254,0.909069298242345,128.0,0.0,54.0,108.0,2.0,4.0,2.0
172.217.7.2,192.168.50.8,6,626.5351169109344,113,22772,201.52212389380531,0.1803570094476661,36.345927603028784,0,113,0,0,0,0,0.035398230088495575,362.2676880831596,3.9822529111499727,0.009412330863750087,0.019523540475503334,53.0,0.0,78.0,113.0,,4.0,2.0
192.168.50.4,172.217.10.74,6,171.12937903404236,84,8972,106.80952380952381,0.49085668676031413,52.42816897158974,0,84,0,0,0,0,0.023809523809523808,131.43353165243025,4.0481663138845585,0.09934373412813459,0.5431766723248461,64.0,0.0,20.0,82.0,,2.0,2.0
172.217.10.74,192.168.50.4,6,171.08808493614197,114,142164,1247.0526315789473,0.6663234324152386,830.9403898761402,0,114,0,0,0,0,0.017543859649122806,581.7187305222716,4.578083672852211,0.003534816859061258,0.011507509142460645,57.56140350877193,1.414431183912026,22.0,114.0,,2.0,2.0
192.168.50.9,23.63.78.40,6,175.65343499183655,48,4368,91.0,0.27326536484886155,24.8671482012464,0,48,0,48,0,0,0.041666666666666664,81.72514912803769,3.6243166077600915,0.5556372851133347,1.815167588829124,64.0,0.0,4.0,46.0,,2.0,2.0
23.63.78.40,192.168.50.9,6,175.6148121356964,42,4324,102.95238095238095,0.2391597809389044,24.62206887571006,0,42,0,42,0,0,0.047619047619047616,112.60993620647471,3.3792749970234697,0.016524343263535274,0.018396892892494025,53.0,0.0,4.0,42.0,,2.0,2.0
192.168.50.9,103.224.182.245,6,0.4389920234680176,8,592,74.0,18.223565742266462,1348.5438649277182,0,8,0,0,0,0,1.0,0.0,2.0794415416798357,0.00014224648475646973,0.00018277128221908716,64.0,0.0,,,,8.0,
103.224.182.245,192.168.50.9,6,0.4387400150299072,8,480,60.0,18.23403319948984,1094.0419919693904,0,8,0,0,0,0,0.0,0.0,2.0794415416798357,0.02774152159690857,0.03613774582842009,53.0,0.0,,8.0,8.0,0.0,
192.168.50.9,34.208.7.98,6,60.68950700759888,34,4696,138.11764705882354,0.5602286404426203,77.37746163289839,0,34,0,0,0,0,0.058823529411764705,175.8070072728285,3.0123374396537574,0.04472041130065918,0.1694492842585938,64.0,0.0,6.0,32.0,,2.0,2.0
34.208.7.98,192.168.50.9,6,60.59705185890198,26,8344,320.9230769230769,0.429063777896985,137.69646779894012,0,26,0,0,0,0,0.07692307692307693,537.2272777223752,2.3261881009508087,0.06233467505528377,0.2057735564682911,230.0,0.0,8.0,26.0,,2.0,2.0
192.168.50.9,72.21.91.29,6,803.5917811393738,62,6758,109.0,0.07715360143690521,8.409742556622668,0,62,0,62,0,0,0.06451612903225806,129.63621556917178,3.7114520241657023,0.21514996405570738,0.5671035859554874,64.0,0.0,6.0,58.0,,4.0,2.0
72.21.91.29,192.168.50.9,6,803.5921950340271,54,8324,154.14814814814815,0.0671982634148325,10.358487864167882,0,54,0,54,0,0,0.07407407407407407,247.443776435316,3.2571470972437266,0.012418972121344673,0.013778225796245392,54.77777777777778,0.41573970964154905,6.0,54.0,,4.0,2.0
192.168.50.6,172.217.6.194,6,762.7885940074921,247,43188,174.8502024291498,0.32381186863627115,56.61857078001328,0,247,0,24,0,0,0.04048582995951417,299.5799451775612,4.752561697159297,0.017285144280808174,0.1484381665820248,128.0,0.0,96.0,237.0,,10.0,8.0
192.168.50.6,172.217.12.130,6,171.1560299396515,40,4882,122.05,0.23370488328166844,28.52368100452763,0,40,0,0,0,0,0.05,120.62606476214003,3.3683962683551596,0.34365375638008117,1.9707902535333484,128.0,0.0,20.0,38.0,,2.0,2.0
192.168.50.6,172.217.10.74,6,688.8118071556091,100,13030,130.3,0.1451775346490381,18.916632764769666,0,100,0,0,0,0,0.04,149.7264505690294,4.195120913705826,0.12275729894638061,0.6373752852575194,128.0,0.0,48.0,96.0,,4.0,4.0
172.217.12.130,192.168.50.6,6,171.115709066391,38,11576,304.63157894736844,0.22207195474529123,67.65013021398661,0,38,0,0,0,0,0.05263157894736842,428.83271312351553,2.9517819557505787,0.003864288330078125,0.00970344924228747,116.0,0.0,18.0,38.0,,2.0,2.0
172.217.6.194,192.168.50.6,6,762.7261819839478,314,200946,639.9554140127389,0.41168116083709894,263.45758772475057,0,314,0,12,0,0,0.03184713375796178,680.6974817834698,5.154937950486926,0.0036325264888204586,0.017998691485327054,53.0,0.0,140.0,314.0,,10.0,8.0
172.217.10.74,192.168.50.6,6,688.7706959247589,72,18624,258.6666666666667,0.10453406398675424,27.039477884573763,0,72,0,0,0,0,0.05555555555555555,355.2201977490707,3.6702910751192994,0.008546262979507446,0.016595621772113746,56.47222222222222,2.3032116599690275,50.0,72.0,,4.0,4.0
192.168.50.6,69.172.216.55,6,10.37266993522644,29,12742,439.37931034482756,2.7958086183301383,1228.4204625780214,0,29,0,0,0,0,0.06896551724137931,792.5714767633483,2.3118605549711937,0.00098504691288389,0.0037027252082200437,128.0,0.0,8.0,27.0,,2.0,2.0
192.168.50.6,172.217.3.110,6,171.26030206680298,38,6164,162.21052631578948,0.22188446208145457,35.991995375528575,0,38,0,0,0,0,0.05263157894736842,230.56260228711682,3.054990421242074,0.0007378176638954564,0.0033786813776524077,128.0,0.0,20.0,36.0,,2.0,2.0
69.172.216.55,192.168.50.6,6,10.372395992279053,40,44440,1111.0,3.856389596943173,4284.448842203865,0,40,0,0,0,0,0.05,965.8355967761802,3.2647452460123003,0.0025377750396728517,0.009649638608219512,50.0,0.0,10.0,40.0,,2.0,2.0
172.217.3.110,192.168.50.6,6,171.21903705596924,32,8866,277.0625,0.18689510553396946,51.78162517700542,0,32,0,0,0,0,0.0625,461.67040038727845,2.599008771599771,0.0018759742379188538,0.0070478829014587,55.1875,2.4803918541230536,14.0,32.0,,2.0,2.0
192.168.50.6,23.192.125.97,6,115.10974502563477,34,2920,85.88235294117646,0.2953703006850398,25.367096411774003,0,34,0,34,0,0,0.058823529411764705,102.03914032943216,3.167366385355158,1.0775631525937248,2.012071395392088,128.0,0.0,2.0,32.0,,2.0,2.0
192.168.50.6,172.217.12.198,6,171.16815495491028,176,16242,92.2840909090909,1.028228644787125,94.88914573086639,0,176,0,0,0,0,0.011363636363636364,124.87502378411244,4.790331266043691,0.011029584841294722,0.1013176823714409,128.0,0.0,34.0,174.0,,2.0,2.0
23.192.125.97,192.168.50.6,6,115.08796715736389,30,3668,122.26666666666667,0.2606701703139819,31.87127282372285,0,30,0,30,0,0,0.06666666666666667,213.7473482616542,2.6983491620182525,0.00869456926981608,0.01052765774903091,57.0,0.0,2.0,30.0,,2.0,2.0
192.168.50.6,172.217.6.238,6,116.08328604698181,34,2912,85.6470588235294,0.2928931559211664,25.085437354189306,0,34,0,34,0,0,0.058823529411764705,101.09805442735554,3.171179227575557,0.08610618114471436,0.1563230901322415,128.0,0.0,2.0,32.0,,2.0,2.0
172.217.12.198,192.168.50.6,6,171.12735891342163,288,365808,1270.1666666666667,1.6829570784511885,2137.6359824794176,0,288,0,0,0,0,0.006944444444444444,541.1241898944169,5.529060050899462,0.0012721618016560872,0.005749343907598128,120.73958333333333,1.1109754691511218,40.0,288.0,,2.0,2.0
172.217.6.238,192.168.50.6,6,116.04176592826843,30,3342,111.4,0.25852760650458034,28.79997536461025,0,30,0,30,0,0,0.06666666666666667,173.09026546862765,2.822154001677861,0.016423773765563966,0.01976552097774015,57.333333333333336,1.6996731711975954,2.0,30.0,,2.0,2.0
192.168.50.6,69.172.216.58,6,5.927870035171509,18,2404,133.55555555555554,3.036503818943664,405.54195448558715,0,18,0,0,0,0,0.1111111111111111,158.98575136093947,2.4258731473057873,0.11086273193359375,0.4558315440465052,128.0,0.0,6.0,16.0,,2.0,2.0
69.172.216.58,192.168.50.6,6,5.9061949253082275,14,11890,849.2857142857143,2.370392473842942,2013.1404652851843,0,14,0,0,0,0,0.14285714285714285,945.8629792471022,2.020581226105953,0.0018739019121442521,0.005482014311788943,50.0,0.0,4.0,14.0,,2.0,2.0
192.168.50.6,69.172.216.111,6,10.07321310043335,18,6402,355.6666666666667,1.7869174235205687,635.546963632149,0,18,0,0,0,0,0.1111111111111111,631.1685811079143,1.8946585699199794,0.00024384922451443144,0.0004765371568054099,128.0,0.0,6.0,16.0,,2.0,2.0
69.172.216.111,192.168.50.6,6,10.073083877563477,22,13068,594.0,2.184038201945506,1297.3186919556306,0,22,0,0,0,0,0.09090909090909091,830.7874687197793,2.2960628686899804,0.00572293454950506,0.01738214540070081,50.0,0.0,8.0,22.0,,2.0,2.0
192.168.50.9,52.34.248.21,6,120.85379791259766,52,23064,443.53846153846155,0.4302719558520352,190.84216134175654,0,52,0,0,0,0,0.038461538461538464,899.707141701344,2.7170147123040893,0.20823167379085833,0.4969957094136884,64.0,0.0,8.0,50.0,,2.0,2.0
52.34.248.21,192.168.50.9,6,120.76237201690674,46,10646,231.43478260869566,0.3809133526588895,88.1565989653595,0,46,0,0,0,0,0.043478260869565216,481.91410258305467,2.7707225625286376,0.0478471621223118,0.1460926273957385,229.0,0.0,10.0,46.0,,2.0,2.0
192.168.50.6,173.194.204.109,6,1.7757189273834229,38,4870,128.1578947368421,21.399783160499496,2742.5511576745407,0,38,0,0,0,0,0.05263157894736842,81.06155111550778,3.479110888107841,0.00028376830251593336,0.0006655639687056503,128.0,0.0,26.0,36.0,,2.0,2.0
173.194.204.109,192.168.50.6,6,1.7756659984588623,48,10084,210.08333333333334,27.03211079204096,5678.995942227939,0,48,0,0,0,0,0.041666666666666664,369.3751386538563,3.062870793391302,0.037686328093210854,0.09850142633648364,44.0,0.0,24.0,46.0,2.0,2.0,2.0
192.168.50.8,173.194.205.109,6,1.6339740753173828,38,4934,129.8421052631579,23.25618293094331,3019.6317521387973,0,38,0,0,0,0,0.05263157894736842,83.76927156616418,3.4751731995411967,0.0002780148857518246,0.0006926428634057948,128.0,0.0,26.0,36.0,,2.0,2.0
173.194.205.109,192.168.50.8,6,1.6338369846343994,48,10212,212.75,29.378695947895235,6250.317562914712,0,48,0,0,0,0,0.041666666666666664,368.8230436130584,3.078648166773159,0.03493601083755493,0.08478438635940314,107.0,0.0,24.0,46.0,2.0,2.0,2.0
192.168.50.8,172.217.6.194,6,172.09380102157593,68,11268,165.7058823529412,0.39513334934983874,65.47592030108798,0,68,0,8,0,0,0.058823529411764705,226.8472574237829,3.6410819532341296,0.04524689211564906,0.2655665994474747,128.0,0.0,30.0,64.0,,4.0,4.0
172.217.6.194,192.168.50.8,6,172.05268716812134,73,12674,173.6164383561644,0.42428863624006075,73.66348185899356,0,73,0,4,0,0,0.0547945205479452,354.77566248079154,3.5018833549731556,0.007169654924575597,0.016119802821481465,53.0,0.0,44.0,73.0,,4.0,4.0
192.168.50.8,172.217.9.225,6,170.86044096946716,36,4088,113.55555555555556,0.21069827395817864,23.925959553917618,0,36,0,0,0,0,0.05555555555555555,118.52342582433147,3.257343109945321,0.00011802381939358181,0.0003233048800346124,128.0,0.0,16.0,34.0,,2.0,2.0
172.217.9.225,192.168.50.8,6,170.81987977027893,28,8152,291.14285714285717,0.16391534777834293,47.722782681751845,0,28,0,0,0,0,0.07142857142857142,462.0636717322558,2.50321923476899,0.009037085941859655,0.01409424029371755,53.0,0.0,16.0,28.0,,2.0,2.0
192.168.50.8,172.217.6.228,6,170.40115594863892,50,8960,179.2,0.29342523952754546,52.58180292333614,0,50,0,0,0,0,0.04,270.84770628528497,3.2388585173045463,0.00023493289947509766,0.0007632031981595661,128.0,0.0,24.0,48.0,,2.0,2.0
172.217.6.228,192.168.50.8,6,170.3598690032959,44,9186,208.77272727272728,0.25827678934848647,53.92114970352719,0,44,0,0,0,0,0.045454545454545456,334.4841254309228,3.0772635327360707,0.0010291012850674715,0.0030947801285247244,53.0,0.0,28.0,44.0,,2.0,2.0
192.168.50.8,172.217.12.198,6,170.29395699501038,46,5710,124.1304347826087,0.2701211529270402,33.53025615681303,0,46,0,0,0,0,0.13043478260869565,143.10479721786928,3.414769199151419,0.009628446205802586,0.04232667637079932,128.0,0.0,18.0,40.0,2.0,6.0,4.0
192.168.50.8,172.217.11.10,6,170.2577178478241,54,6802,125.96296296296296,0.3171662388207568,39.95119919368125,0,54,0,0,0,0,0.07407407407407407,134.9489564631017,3.6201565996249414,8.165836334228516e-05,0.00019725562818964952,128.0,0.0,24.0,50.0,2.0,4.0,4.0
192.168.50.8,172.217.3.99,6,464.345419883728,114,14022,123.0,0.24550689016927435,30.197347490820746,0,114,0,0,0,0,0.14035087719298245,136.06138965329572,4.358665009699781,0.0013422317672194097,0.009895061305173305,128.0,0.0,48.0,98.0,2.0,16.0,4.0
172.217.12.198,192.168.50.8,6,170.2525279521942,47,15472,329.1914893617021,0.27606051178985896,90.8767710300574,0,47,0,0,0,0,0.2978723404255319,603.095618483464,2.839772186465768,0.03503086719107121,0.18016689858278043,116.0,0.0,14.0,47.0,,14.0,4.0
172.217.11.10,192.168.50.8,6,170.21668004989624,43,14008,325.7674418604651,0.2526191909476513,82.29510759987672,0,43,0,0,0,0,0.09302325581395349,528.1832767361046,2.917021269701664,0.0008418227350989053,0.002719291204020367,53.0,0.0,24.0,43.0,,4.0,4.0
172.217.3.99,192.168.50.8,6,478.6458270549774,128,31166,243.484375,0.267421113409807,65.11286266039099,0,128,0,0,0,0,0.375,413.9934703662117,4.001494523547871,0.03339392505586147,0.1610567353947265,71.703125,28.78350204951397,44.0,128.0,,48.0,4.0
192.168.50.8,172.217.6.230,6,171.03375816345215,36,4088,113.55555555555556,0.21048476269577035,23.901714163897477,0,36,0,0,0,0,0.05555555555555555,118.52342582433147,3.257343109945321,0.06765925221972996,0.2254606479022119,128.0,0.0,16.0,34.0,,2.0,2.0
172.217.6.230,192.168.50.8,6,170.9926929473877,30,8706,290.2,0.175446093531205,50.91445634275569,0,30,0,0,0,0,0.06666666666666667,472.8453164971959,2.5566053913809186,0.0037167549133300783,0.008598461989932969,53.0,0.0,16.0,30.0,,2.0,2.0
192.168.50.8,204.154.111.114,6,229.3497440814972,32,10134,316.6875,0.13952489952911878,44.1857916196278,0,32,0,0,0,0,0.125,468.5052986293218,2.6741096257966164,0.006246887147426605,0.03236754515600153,128.0,0.0,12.0,28.0,,4.0,4.0
204.154.111.114,192.168.50.8,6,229.34957194328308,35,23476,670.7428571428571,0.1526054733978545,102.3590312425152,0,35,0,0,0,0,0.11428571428571428,673.7657644212286,3.0421395089768155,0.004054369245256696,0.007918295703252396,53.0,0.0,20.0,35.0,,4.0,4.0
192.168.50.6,104.27.180.86,6,5.319133996963501,10,624,62.4,1.8800052801280498,117.31232947999031,0,10,0,8,0,0,0.4,2.9393876913398134,2.3014822685378054,0.005511856079101563,0.0122539309862231,128.0,0.0,,6.0,,4.0,2.0
104.27.180.86,192.168.50.6,6,5.303954124450684,8,516,64.5,1.5083086716607939,97.28590932212121,0,8,0,4,0,0,0.75,2.598076211353316,2.0786171815491663,0.00784975290298462,0.01323704264865821,59.0,0.0,,8.0,,6.0,2.0
192.168.50.6,52.216.18.11,6,23.176403045654297,48,4638,96.625,2.071072025518656,200.11733446574016,0,48,0,48,0,0,0.08333333333333333,117.89960860127286,3.455981068522576,0.15505519012610117,0.7713757186289121,128.0,0.0,4.0,44.0,,4.0,4.0
52.216.18.11,192.168.50.6,6,23.17796492576599,65,66492,1022.9538461538461,2.8043877108357416,2868.759194906002,0,65,0,65,0,0,0.06153846153846154,992.3792300987365,3.650844720740118,0.04127604044400729,0.29695350902774703,222.2923076923077,45.67636085360131,12.0,65.0,,4.0,4.0
192.168.50.6,172.217.9.225,6,170.950679063797,32,3824,119.5,0.18718849305101581,22.36902491959639,0,32,0,0,0,0,0.0625,124.44175344312696,3.130603419101086,0.21716860681772232,0.8085921453062199,128.0,0.0,16.0,30.0,,2.0,2.0
172.217.9.225,192.168.50.6,6,170.90940117835999,25,7818,312.72,0.14627633019385608,45.74353397822267,0,25,0,0,0,0,0.08,617.37687161085,2.168814906292256,0.006785316467285156,0.014086937198457734,53.0,0.0,12.0,25.0,,2.0,2.0
192.168.50.6,172.217.11.10,6,171.22363209724426,40,6478,161.95,0.23361261240669462,37.833562579264196,0,40,0,0,0,0,0.05,244.37153578107248,3.065229073961545,0.0007714152336120606,0.0033620001160816313,128.0,0.0,20.0,38.0,,2.0,2.0
192.168.50.6,172.217.6.228,6,489.633908033371,98,21140,215.71428571428572,0.2001495370155631,43.175114413357186,0,98,0,0,0,0,0.02040816326530612,306.449649624701,3.9189851692621325,0.0016387165809164243,0.005045596901461778,128.0,0.0,56.0,96.0,,2.0,
172.217.11.10,192.168.50.6,6,171.18232107162476,29,9518,328.2068965517241,0.16941001745072756,55.60153607227672,0,29,0,0,0,0,0.06896551724137931,518.1947030771978,2.609651674171492,0.007733673884950835,0.013731000826859692,55.758620689655174,2.486587086526889,20.0,29.0,,2.0,2.0
172.217.6.228,192.168.50.6,6,489.5716531276703,106,15022,141.71698113207546,0.21651580381096405,30.683966083474544,0,106,0,0,0,0,0.018867924528301886,223.38682731374635,4.140909015485139,0.0012115082650814416,0.003507005428581487,53.0,0.0,74.0,106.0,,2.0,
192.168.50.6,65.55.252.93,6,30.045165061950684,12,776,64.66666666666667,0.3993987044257197,25.827782886196538,0,12,0,0,0,0,1.0,1.8856180831641267,2.484478510800312,1.1724620660146077,1.7006820797444138,128.0,0.0,,,,12.0,
192.168.50.6,162.248.19.151,6,116.46886706352234,44,8242,187.3181818181818,0.37778336056108724,70.76569222146549,0,44,0,0,0,0,0.045454545454545456,452.0098939347192,2.6320341487476573,0.0037495981563221326,0.006456084750187906,128.0,0.0,8.0,42.0,,2.0,2.0
162.248.19.151,192.168.50.6,6,116.44043779373169,49,14800,302.0408163265306,0.4208160062640868,127.10361005527518,0,49,0,0,0,0,0.04081632653061224,654.3851128235176,2.6579682029493394,0.009043795721871513,0.026577030241163188,246.0,0.0,8.0,49.0,,2.0,4.0
192.168.50.6,23.192.125.11,6,115.87595701217651,34,2922,85.94117647058823,0.2934172098913254,25.21662021477803,0,34,0,34,0,0,0.058823529411764705,102.27441206539298,3.1664141388916605,1.3795148554970236,2.957441090428591,128.0,0.0,2.0,32.0,,2.0,2.0
192.168.50.6,23.194.110.93,6,360.36729097366333,204,114924,563.3529411764706,0.5660891127183596,318.90796661786646,0,204,0,0,0,0,0.029411764705882353,915.4669294747558,4.304440834977795,0.39797184163448857,1.4283897909660563,128.0,0.0,48.0,198.0,6.0,6.0,6.0
23.192.125.11,192.168.50.6,6,115.8537449836731,30,3670,122.33333333333333,0.25894717520117977,31.677871099610993,0,30,0,30,0,0,0.06666666666666667,213.99678086883046,2.6976310355457738,0.002169632911682129,0.005730448019628847,57.0,0.0,2.0,30.0,,2.0,2.0
23.194.110.93,192.168.50.6,6,360.34550404548645,207,38190,184.4927536231884,0.5744486823786494,105.9816192272494,0,207,0,0,0,0,0.028985507246376812,326.19926439588664,4.5624043963024175,0.0042005518208379335,0.007917938410750294,57.0,0.0,46.0,207.0,4.0,6.0,2.0
192.168.50.6,173.194.205.108,6,1.6018579006195068,38,4902,129.0,23.722453774023137,3060.1965368489846,0,38,0,0,0,0,0.05263157894736842,84.07452834116569,3.4723566977246207,0.0002768667120682566,0.0006661815424422756,128.0,0.0,26.0,36.0,,2.0,2.0
173.194.205.108,192.168.50.6,6,1.6016480922698975,48,10084,210.08333333333334,29.96913006774987,6296.014741733118,0,48,0,0,0,0,0.041666666666666664,369.3751386538563,3.062870793391302,0.03129031260808309,0.0789638082235348,107.0,0.0,24.0,46.0,2.0,2.0,2.0
192.168.50.8,172.217.10.74,6,25.929487228393555,22,3496,158.9090909090909,0.8484548809707795,134.8271938124475,0,22,0,0,0,0,0.09090909090909091,151.56723953141577,2.7399306318885137,0.0002308433706110174,0.0006646963476648071,128.0,0.0,12.0,20.0,2.0,2.0,
192.168.50.8,172.217.10.34,6,237.64373588562012,156,32788,210.17948717948718,0.6564448224088014,137.97123613551142,0,156,0,24,0,0,0.07692307692307693,263.1068683911706,4.473337104995548,0.013343328084701147,0.09923201800398125,128.0,0.0,74.0,144.0,6.0,12.0,4.0
192.168.50.8,172.217.11.34,6,25.929182052612305,26,3726,143.30769230769232,1.0027312063775864,143.69909519088029,0,26,0,0,0,0,0.07692307692307693,143.06124810744234,2.8948562292927553,0.0022278473927424504,0.009890226145050817,128.0,0.0,12.0,24.0,2.0,2.0,
172.217.10.74,192.168.50.8,6,0.5734069347381592,19,6696,352.42105263157896,33.13528115713524,11677.570664640923,0,19,0,0,0,0,0.10526315789473684,619.0867055836935,1.9852196729384046,0.005003213882446289,0.00940536855880543,53.526315789473685,1.5344610249592896,8.0,19.0,,2.0,
172.217.10.34,192.168.50.8,6,237.60244393348694,195,36610,187.74358974358975,0.820698629070445,154.08090671932817,0,195,0,16,0,0,0.10256410256410256,330.53122106683696,4.546594475287852,0.006476448743771284,0.02394248796386693,53.0,0.0,110.0,195.0,,20.0,4.0
172.217.11.34,192.168.50.8,6,0.8519201278686523,30,10738,357.93333333333334,35.214568852897614,12604.468011413821,0,30,0,0,0,0,0.06666666666666667,465.1760192538829,2.7681465172161306,0.0026811679204305013,0.00706048445345844,53.0,0.0,16.0,30.0,,2.0,
192.168.50.8,172.217.10.98,6,24.970655918121338,103,29412,285.5533980582524,4.1248415875712885,1177.8625317829778,0,103,0,0,0,0,0.019417475728155338,468.26506326945264,3.75932829377296,0.0005569388565507908,0.0026249383546035816,128.0,0.0,40.0,101.0,2.0,2.0,
172.217.10.98,192.168.50.8,6,0.9160170555114746,158,148266,938.3924050632911,172.4858713594343,161859.431664417,0,158,0,0,0,0,0.012658227848101266,677.8583627442512,4.727056008872508,0.001376327080062673,0.0040378286953443995,53.0,0.0,78.0,158.0,,2.0,
192.168.50.8,63.241.108.103,6,0.5678939819335938,21,11692,556.7619047619048,36.97873312285887,20588.34988916504,0,21,0,0,0,0,0.09523809523809523,757.3003999019214,2.2679611427469046,0.000820296151297433,0.0026096026629470487,128.0,0.0,8.0,19.0,,2.0,
192.168.50.8,69.172.216.55,6,10.478153944015503,34,12910,379.70588235294116,3.24484639008561,1232.0872616472125,0,34,0,0,0,0,0.058823529411764705,609.8547333978403,2.577410840254645,0.000914917272679946,0.0036047927937531876,128.0,0.0,8.0,32.0,,2.0,2.0
69.172.216.55,192.168.50.8,6,10.478082180023193,42,45268,1077.8095238095239,4.0083671113092025,4320.256247493929,0,42,0,0,0,0,0.047619047619047616,954.5626582266486,3.308361668977612,0.0021729526065644763,0.005475371679501066,50.0,0.0,12.0,42.0,,2.0,2.0
63.241.108.103,192.168.50.8,6,2.673454999923706,26,21138,813.0,9.725243178112958,7906.622703805834,0,26,0,0,0,0,0.07692307692307693,612.5676100832275,2.8888977392431183,0.0025154994084284855,0.01024374720622138,233.23076923076923,33.84160808634576,18.0,26.0,2.0,2.0,
192.168.50.8,72.167.239.239,6,0.06832003593444824,10,1464,146.4,146.36994643262202,21428.56015773586,0,10,0,10,0,0,0.2,169.8159003156065,1.7971290259565544,0.00012693405151367187,0.0001486682445260062,128.0,0.0,2.0,8.0,,2.0,2.0
72.167.239.239,192.168.50.8,6,0.06844091415405273,11,5188,471.6363636363636,160.72257561084365,75802.61111536881,0,11,0,11,0,0,0.18181818181818182,738.7963519040796,1.4378398041690363,0.0032862533222545276,0.0071831959280166625,52.0,0.0,2.0,11.0,,2.0,2.0
192.168.50.8,23.203.134.74,6,24.206642150878906,74,11220,151.6216216216216,3.0570121844558757,463.50914472425575,0,74,0,0,0,0,0.10810810810810811,158.52382400052278,3.9017925212108007,0.0001574206996608425,0.0005307183636795306,128.0,0.0,32.0,66.0,8.0,8.0,6.0
192.168.50.8,69.172.216.58,6,5.124901056289673,18,2404,133.55555555555554,3.5122629300148174,469.0822268753123,0,18,0,0,0,0,0.1111111111111111,158.98575136093947,2.4258731473057873,0.0007370445463392469,0.0024222182803367684,128.0,0.0,6.0,16.0,,2.0,2.0
23.203.134.74,192.168.50.8,6,0.1116940975189209,66,36382,551.2424242424242,590.8996219681138,325728.9400976351,0,66,0,0,0,0,0.12121212121212122,725.7779120324088,3.4602602892580987,0.000489216862302838,0.0016811904708425713,58.0,0.0,30.0,66.0,,8.0,6.0
69.172.216.58,192.168.50.8,6,5.1028149127960205,15,11944,796.2666666666667,2.9395540023184865,2340.6688669128002,0,15,0,0,0,0,0.13333333333333333,837.4416968097274,2.1556160886268048,0.001646741231282552,0.005640236025921098,50.0,0.0,4.0,15.0,,2.0,2.0
192.168.50.8,199.166.0.200,6,10.108371019363403,20,5328,266.4,1.9785581634952238,527.0878947551276,0,20,0,0,0,0,0.1,434.2667843618712,2.1350150186640047,0.0002465009689331055,0.0005757973695250501,128.0,0.0,6.0,18.0,,2.0,2.0
199.166.0.200,192.168.50.8,6,10.108218908309937,23,14430,627.3913043478261,2.2753761279439417,1427.5511967926554,0,23,0,0,0,0,0.08695652173913043,787.3406941216986,2.4301599027568934,0.0009284330450970193,0.0018215203395162106,50.0,0.0,8.0,23.0,,2.0,2.0
192.168.50.8,172.217.10.70,6,24.056989908218384,24,5302,220.91666666666666,0.9976310457610944,220.39332519272176,0,24,0,0,0,0,0.08333333333333333,311.57087431629776,2.520438085405232,0.0007269481817881266,0.0026539615505306252,128.0,0.0,12.0,22.0,2.0,2.0,
172.217.10.70,192.168.50.8,6,0.22246193885803223,28,9318,332.7857142857143,125.86422712906707,41885.81672816596,0,28,0,0,0,0,0.07142857142857142,482.03084942347664,2.5967142693531207,0.004060276917048863,0.008571689507664383,53.0,0.0,16.0,28.0,,2.0,
192.168.50.8,69.172.216.111,6,22.96624207496643,74,33348,450.64864864864865,3.2221205262249315,1452.044260926338,0,74,0,0,0,0,0.08108108108108109,690.2248836906283,3.387699777875095,0.037409002716476854,0.17327891917267849,128.0,0.0,28.0,68.0,2.0,6.0,4.0
192.168.50.8,172.217.3.102,6,22.955294132232666,36,5388,149.66666666666666,1.5682656816603633,234.71709702183438,0,36,0,0,0,0,0.1111111111111111,158.6855731032633,3.17966838155687,0.00026761160956488713,0.0009604966159072077,128.0,0.0,16.0,32.0,4.0,4.0,
69.172.216.111,192.168.50.8,6,15.207914113998413,78,34262,439.2564102564103,5.1289085021990894,2252.905937209554,0,78,0,0,0,0,0.07692307692307693,656.6022375505163,3.6042454843579406,0.00994888635782095,0.06428140060692801,50.0,0.0,34.0,78.0,,6.0,4.0
172.217.3.102,192.168.50.8,6,0.33066391944885254,35,15278,436.51428571428573,105.84765358838565,46204.012900667316,0,35,0,0,0,0,0.11428571428571428,669.6895387919293,2.7170046701211983,0.005015482221330915,0.011178477745957989,53.0,0.0,16.0,35.0,,4.0,
192.168.50.8,18.196.116.174,6,19.15758514404297,21,10880,518.0952380952381,1.096171560356078,567.9212655559108,0,21,0,0,0,0,0.09523809523809523,757.4755633186744,2.2094239708788086,0.01582757631937663,0.046553000746485114,128.0,0.0,6.0,19.0,2.0,2.0,
18.196.116.174,192.168.50.8,6,10.537214040756226,19,12244,644.421052631579,1.8031331551690133,1161.9769658889156,0,19,0,0,0,0,0.10526315789473684,762.1799287355402,2.27823252239368,0.01591743920978747,0.03139079723532188,239.0,0.0,8.0,19.0,,2.0,
192.168.50.8,52.85.93.117,6,18.92127799987793,14,1750,125.0,0.7399077377379224,92.4884672172403,0,14,0,14,0,0,0.14285714285714285,154.3400697902432,2.1363608081278898,0.05686036178043911,0.20060384149975025,128.0,0.0,2.0,12.0,2.0,2.0,
52.85.93.117,192.168.50.8,6,10.097790956497192,10,4484,448.4,0.9903156089367972,444.0575190472598,0,10,0,10,0,0,0.2,470.79702632875666,1.7132604017636577,0.009247469902038574,0.014451188545180528,245.0,0.0,4.0,10.0,,2.0,
192.168.50.6,172.217.10.34,6,172.34897303581238,68,7642,112.38235294117646,0.3945483329678459,44.34027000794527,0,68,0,16,0,0,0.11764705882352941,123.179690530418,3.858660957317838,0.0860653800122878,0.4926236929520531,128.0,0.0,24.0,60.0,,8.0,8.0
172.217.10.34,192.168.50.6,6,172.30777406692505,48,14630,304.7916666666667,0.27857129639058886,84.90620971238157,0,48,0,8,0,0,0.16666666666666666,463.4545985644716,3.0558284862174556,0.0023954312006632486,0.008351814262668648,53.0,0.0,20.0,48.0,,8.0,8.0
192.168.50.6,172.217.10.78,6,170.5345048904419,32,3824,119.5,0.18764530978969954,22.423614519869094,0,32,0,0,0,0,0.0625,124.44175344312696,3.130603419101086,0.00017806142568588257,0.0005166524183452362,128.0,0.0,16.0,30.0,,2.0,2.0
192.168.50.6,172.217.10.70,6,191.51068091392517,84,14664,174.57142857142858,0.4386178337371896,76.57014183240652,0,84,0,0,0,0,0.047619047619047616,306.34124629842694,3.705916789397437,0.04552270401091803,0.2466023926593546,128.0,0.0,40.0,80.0,2.0,4.0,4.0
172.217.10.78,192.168.50.6,6,170.49337887763977,26,8204,315.53846153846155,0.15249859068521227,48.119170691595436,0,26,0,0,0,0,0.07692307692307693,503.25029945875394,2.392701917652736,0.0019966822404127857,0.00572587609851379,53.0,0.0,12.0,26.0,,2.0,2.0
172.217.10.70,192.168.50.6,6,191.469584941864,96,44294,461.3958333333333,0.5013851157046615,231.33700328148205,0,96,0,0,0,0,0.041666666666666664,595.7901874675673,3.8445555919584384,0.004299228390057881,0.012792543748285388,53.0,0.0,48.0,96.0,,4.0,4.0
192.168.50.6,104.19.199.151,6,170.15045595169067,32,3682,115.0625,0.1880688466041224,21.639671662386835,0,32,0,0,0,0,0.0625,124.27865300907473,3.1174065964501065,0.0008261427283287048,0.0029615051903880154,128.0,0.0,16.0,30.0,,2.0,2.0
104.19.199.151,192.168.50.6,6,170.13533997535706,28,10464,373.7142857142857,0.1645748614253547,61.50397678410399,0,28,0,0,0,0,0.07142857142857142,522.8093654986119,2.5534720924956797,0.002278625965118408,0.0050731729072202685,59.0,0.0,12.0,28.0,,2.0,2.0
192.168.50.9,173.194.205.108,6,1.6661949157714844,36,5198,144.38888888888889,21.606115622631833,3119.6830279566743,0,36,0,0,0,0,0.05555555555555555,85.991691387333,3.441051271454752,0.00011514955096774631,0.00031291956613307325,64.0,0.0,26.0,34.0,,2.0,2.0
173.194.205.108,192.168.50.9,6,1.6661460399627686,47,10590,225.31914893617022,28.208811756411375,6355.985457455244,0,47,0,0,0,0,0.0425531914893617,468.1694140710348,2.950021889075437,0.03570274089245086,0.08698102380771823,107.0,0.0,24.0,45.0,2.0,2.0,2.0
192.168.50.9,91.189.89.199,17,2.1457672119140625e-06,2,180,90.0,932067.5555555555,83886080.0,0,0,2,0,0,0,0.0,0.0,0.6931471805599453,0.009801983833312988,0.009799838066101074,64.0,0.0,,,,,
91.189.89.199,192.168.50.9,17,1.9073486328125e-06,2,180,90.0,1048576.0,94371840.0,0,0,2,0,0,0,0.0,0.0,0.6931471805599453,0.03139042854309082,0.03138852119445801,52.0,0.0,,,,,
192.168.50.9,172.217.10.74,6,59.015949964523315,34,5326,156.64705882352942,0.5761154403248387,90.24678926970856,0,34,0,0,0,0,0.058823529411764705,180.3225675662989,3.078812698586436,0.06131832038655,0.34589397048750414,64.0,0.0,14.0,32.0,,2.0,
172.217.10.74,192.168.50.9,6,58.931270122528076,29,12296,424.0,0.4920986759610661,208.64983860749203,0,29,0,0,0,0,0.06896551724137931,592.6082034182624,2.64997705060253,0.008606261220471612,0.018806312508994442,55.41379310344828,2.4985132321016277,18.0,29.0,,2.0,
192.168.50.9,172.217.12.206,6,78.43468594551086,24,2486,103.58333333333333,0.30598707332968694,31.695161012400074,0,24,0,24,0,0,0.16666666666666666,119.86204454380972,2.7981758817235676,0.3964765965938568,1.1169103523594621,64.0,0.0,2.0,20.0,,4.0,
172.217.12.206,192.168.50.9,6,71.63438010215759,20,2746,137.3,0.2791955478846617,38.333548724564054,0,20,0,20,0,0,0.1,211.24679879231306,2.3417853228869916,0.013156163692474365,0.01656996789935654,120.0,2.0,2.0,20.0,,2.0,
192.168.50.8,23.63.78.40,6,40.21208691596985,16,1554,97.125,0.3978903167456786,38.64509701392403,0,16,0,16,0,0,0.125,95.97582703472787,2.448179268623578,0.23436345160007477,0.40330621822525525,128.0,0.0,2.0,14.0,,2.0,
192.168.50.8,172.217.6.234,6,2.728165864944458,32,4384,137.0,11.729492114531489,1606.940419690814,0,32,0,0,0,0,0.0625,130.44826560748135,3.1431899370986383,0.0008510872721672058,0.002183384878060533,128.0,0.0,16.0,30.0,,2.0,
23.63.78.40,192.168.50.8,6,40.21208214759827,14,1656,118.28571428571429,0.3481540684367714,41.18165266652096,0,14,0,14,0,0,0.14285714285714285,130.5392270389187,2.2282731110962555,0.012235913957868303,0.016741552124232846,53.0,0.0,2.0,14.0,,2.0,
172.217.6.234,192.168.50.8,6,2.7679660320281982,34,9442,277.70588235294116,12.28338773185264,3411.16902835743,0,34,0,0,0,0,0.058823529411764705,389.57167500396883,2.8448552564247374,0.002750522950116326,0.008084399259498274,55.05882352941177,2.4607647839237514,18.0,34.0,,2.0,
192.168.50.8,52.41.78.152,6,40.63715600967407,22,3742,170.0909090909091,0.5413764682440544,92.08321564405689,0,22,0,0,0,0,0.09090909090909091,207.08208936442858,2.5374597195042403,0.014925089749422941,0.04000393016991947,128.0,0.0,6.0,20.0,,2.0,
192.168.50.8,34.208.208.167,6,0.6592628955841064,18,3934,218.55555555555554,27.303220188134528,5967.270456673402,0,18,0,0,0,0,0.1111111111111111,223.70372823154148,2.436324379562981,0.010751790470547147,0.041986237311218914,128.0,0.0,8.0,16.0,,2.0,
52.41.78.152,192.168.50.8,6,40.637223958969116,20,7702,385.1,0.492159602737474,189.53066301420122,0,20,0,0,0,0,0.1,591.3679818860674,2.0958420319418893,0.023286187648773195,0.03657405261473015,231.0,0.0,6.0,20.0,,2.0,
34.208.208.167,192.168.50.8,6,0.3517179489135742,14,7696,549.7142857142857,39.80462197975613,21881.1693397288,0,14,0,0,0,0,0.14285714285714285,649.41747837927,2.0014748702293,0.012671998568943568,0.026730874386201146,230.0,0.0,8.0,14.0,,2.0,
192.168.50.8,8.8.8.8,17,12.072432041168213,56,4506,80.46428571428571,4.6386676528005575,373.24707934855917,0,0,56,0,56,19,0.0,8.015530206405307,4.020350955025225,0.0031482194151197162,0.01231040202874895,128.0,0.0,,,,,
8.8.8.8,192.168.50.8,17,12.078794002532959,56,6352,113.42857142857143,4.636224443289341,525.8803154245338,0,0,56,0,56,0,0.0,23.442069282486518,4.00450707977461,0.004227144377572196,0.010321608488765588,107.17857142857143,0.5380899704756915,,,,,
192.168.50.8,172.217.1.162,6,0.9123668670654297,174,38298,220.10344827586206,190.71275632757246,41976.53529789294,0,174,0,0,0,0,0.034482758620689655,374.02292739616166,4.335953806518944,0.0006534231120142443,0.003621109289074232,128.0,0.0,62.0,168.0,,6.0,
192.168.50.8,172.217.2.161,6,0.38417601585388184,18,2694,149.66666666666666,46.85352353397863,7012.4106889188015,0,18,0,0,0,0,0.1111111111111111,158.6855731032633,2.486521200996924,0.0003801319334242079,0.0008199948935984497,128.0,0.0,8.0,16.0,,2.0,
172.217.1.162,192.168.50.8,6,0.9526607990264893,262,236358,902.1297709923664,275.01918864273006,248102.9976687725,0,262,0,0,0,0,0.022900763358778626,702.0122918928485,5.196099862850534,0.0013830443374983226,0.004330631946583507,58.0,0.0,116.0,262.0,,6.0,
172.217.2.161,192.168.50.8,6,0.20058298110961914,16,7112,444.5,79.76748531449913,35456.64722229486,0,16,0,0,0,0,0.125,564.3465247523014,2.0720076499376816,0.0005901157855987549,0.0009424411356694492,58.0,0.0,8.0,16.0,,2.0,
192.168.50.8,172.217.2.164,6,0.35433101654052734,58,12930,222.93103448275863,163.6887466592023,36491.30162592217,0,58,0,0,0,0,0.06896551724137931,290.8680149832724,3.4596518336596986,0.00024066711294239965,0.0005321611825388252,128.0,0.0,32.0,54.0,,4.0,2.0
172.217.2.164,192.168.50.8,6,0.39396095275878906,61,15814,259.24590163934425,154.83768016306058,40141.03400161705,0,61,0,0,0,0,0.06557377049180328,439.5253272598469,3.3124224714010397,0.0015555991501104637,0.0038401733890237703,58.0,0.0,40.0,61.0,,4.0,2.0
192.168.50.8,172.217.2.166,6,0.5888199806213379,222,33994,153.12612612612614,377.0252493227895,57732.41588053561,0,222,0,0,0,0,0.10810810810810811,176.9058953339657,4.96542482165637,0.00031404452280955273,0.0016503661899644956,128.0,0.0,100.0,198.0,18.0,24.0,18.0
172.217.2.166,192.168.50.8,6,14.386204957962036,235,89166,379.4297872340426,16.335093284621905,6198.020969432327,0,235,0,0,0,0,0.13617021276595745,551.812917694029,4.686035662858995,0.0004688374539639087,0.0017393651661895995,58.0,0.0,108.0,235.0,,32.0,16.0
192.168.50.8,172.217.0.98,6,20.44680404663086,70,16478,235.4,3.4235179170474965,805.8961176729806,0,70,0,0,0,0,0.05714285714285714,412.9212446529172,3.457642776826684,0.0006213085991995676,0.002434806468885876,128.0,0.0,40.0,66.0,,4.0,2.0
172.217.0.98,192.168.50.8,6,20.4870867729187,89,20030,225.0561797752809,4.344199884858523,977.6890302664744,0,89,0,0,0,0,0.0449438202247191,402.09016707923905,3.6991301102255267,0.004676532209589241,0.013597942982592632,58.0,0.0,56.0,89.0,,4.0,2.0
192.168.50.8,172.217.2.174,6,0.36945509910583496,18,2694,149.66666666666666,48.72039943030717,7291.81978140264,0,18,0,0,0,0,0.1111111111111111,158.6855731032633,2.486521200996924,0.0005912118487887912,0.0013634123986055017,128.0,0.0,8.0,16.0,,2.0,
172.217.2.174,192.168.50.8,6,0.18491101264953613,17,7510,441.7647058823529,91.93611433095273,40614.130507379705,0,17,0,0,0,0,0.11764705882352941,762.669115626689,1.8593975479694178,0.0010848886826459098,0.0017804861321430888,58.0,0.0,8.0,17.0,,2.0,
192.168.50.8,23.194.140.249,6,30.182732820510864,20,3378,168.9,0.6626305218594678,111.91829514206411,0,20,0,0,0,0,0.1,190.07074998536729,2.4982806987485935,0.0032166004180908202,0.00739876843880206,128.0,0.0,6.0,18.0,,2.0,
23.194.140.249,192.168.50.8,6,30.182658195495605,19,9576,504.0,0.6295005521692426,317.2682782932983,0,19,0,0,0,0,0.10526315789473684,666.5309247770957,2.216836960726506,0.004362018484818308,0.007135227282837855,56.0,0.0,6.0,19.0,,2.0,
192.168.50.9,52.33.113.226,6,30.8040509223938,24,4556,189.83333333333334,0.7791183068897144,147.90262525789743,0,24,0,0,0,0,0.08333333333333333,257.6233792875863,2.5494465937225406,0.13749719659487405,0.4667631621503497,64.0,0.0,6.0,22.0,,2.0,
52.33.113.226,192.168.50.9,6,30.803876161575317,18,8516,473.1111111111111,0.5843420453187368,276.4587143296868,0,18,0,0,0,0,0.1111111111111111,694.7068837437755,2.0330335057726803,0.016937361823187932,0.027038425575126566,231.0,0.0,6.0,18.0,,2.0,
192.168.50.9,38.91.108.49,6,1.607496976852417,244,33606,137.7295081967213,151.78877690816427,20905.79359334331,0,244,0,0,0,0,0.04918032786885246,158.85631392402578,5.031909938677339,0.00032430398659627946,0.0028485269164092684,64.0,0.0,42.0,232.0,,12.0,
38.91.108.49,192.168.50.9,6,1.4388070106506348,218,262554,1204.3761467889908,151.5144132508914,182480.3452141034,0,218,0,0,0,0,0.05504587155963303,515.1672354992519,5.243983877935371,0.003381430555921082,0.018730632701768946,231.0091743119266,28.96486179121686,194.0,218.0,,12.0,
192.168.50.9,52.85.90.206,6,0.03948402404785156,4,268,67.0,101.30679677310275,6787.555383797884,0,4,0,0,0,0,0.5,7.0,1.3808266026717924,0.0013200044631958008,0.0022316881620307455,64.0,0.0,,,2.0,2.0,
52.85.90.206,192.168.50.9,6,1.9073486328125e-06,2,148,74.0,1048576.0,77594624.0,0,2,0,0,0,0,1.0,0.0,0.6931471805599453,0.01969444751739502,0.019692540168762207,245.0,0.0,,2.0,,2.0,
192.168.50.9,72.167.239.239,6,0.06864309310913086,20,3072,153.6,291.36216178666945,44753.22805043243,0,20,0,20,0,0,0.2,171.22803508771568,2.526810506410916,4.786252975463867e-05,6.123213326751325e-05,64.0,0.0,4.0,16.0,,4.0,4.0
72.167.239.239,192.168.50.9,6,0.06873822212219238,22,10548,479.45454545454544,320.05483006080283,153451.743067334,0,22,0,22,0,0,0.18181818181818182,739.798543049066,2.1602981609010596,0.0021632367914373226,0.007165538207208463,50.0,0.0,4.0,22.0,,4.0,4.0
192.168.50.9,172.217.9.238,6,0.10079193115234375,14,2160,154.28571428571428,138.9000075694497,21430.286882143668,0,14,0,0,0,0,0.14285714285714285,177.8608720205722,2.1749203834676196,0.00015922955104282925,0.0002828838178784251,64.0,0.0,4.0,12.0,,2.0,
172.217.9.238,192.168.50.9,6,0.1017298698425293,14,7408,529.1428571428571,137.61936412256318,72820.3035299963,0,14,0,0,0,0,0.14285714285714285,610.3213272113139,2.0247666491668297,0.0059315647397722516,0.009504809991601061,53.0,0.0,6.0,14.0,,2.0,
172.16.0.5,192.168.50.1,17,0.4031250476837158,5268,7472750,1418.5174639331815,13067.905431004554,18537052.070907228,1,0,5268,0,0,0,0.0,305.8570701180154,8.53458915003306,7.653788640283194e-05,0.00013716201598535852,51.81169324221716,17.655724321281433,,,,,
172.16.0.5,192.168.50.4,6,0.6873500347137451,18778,1126680,60.0,27319.413765390025,1639164.8259234014,1,18778,0,0,0,0,1.0,0.0,9.840441250818493,2.980761719237579e-05,6.742953960363586e-05,243.0,0.0,,,,18778.0,
192.168.50.4,172.16.0.5,6,0.6868009567260742,7538,452280,60.0,10975.523441220947,658531.4064732568,0,7538,0,0,0,0,0.0,0.0,8.927712173827077,1.69345193277401e-05,2.798176154360274e-05,64.0,0.0,,7538.0,7538.0,0.0,
172.16.0.5,192.168.50.4,17,890.3144149780273,2398,1078832,449.8882402001668,2.6934305001218943,1211.7427078012943,1,0,2398,0,0,0,0.0,65.06602167134395,7.772387266292331,0.3714286253558729,1.3157741000090173,57.06422018348624,21.94108524867904,,,,,
172.16.0.5,192.168.50.1,17,0.7284650802612305,20103,8138085,404.8194299358305,27596.381137158947,11171551.28023659,1,0,20103,0,0,0,0.0,29.696245746297915,9.90591794858631,120.62939153967382,17103.01360072534,50.0264637118838,1.6065503089550581,,,,,
172.16.0.5,192.168.50.1,6,1541.3456671237946,1770,297552,168.1084745762712,1.1483472122790486,193.04689814014435,1,1770,0,1770,0,0,0.1638418079096045,199.95410656058417,6.953933780232695,0.7491041070799022,4.472430133795725,63.0,0.0,372.0,1480.0,,290.0,290.0
192.168.50.1,172.16.0.5,6,1541.345643043518,1334,483564,362.4917541229385,0.8654775170129287,313.7284632959819,0,1334,0,1334,0,0,0.22338830584707647,475.7085186956312,6.441837451375768,0.16205442023241537,0.7897880068894864,64.0,0.0,372.0,1334.0,,298.0,290.0
